SR_NUM_1,SR_NUM_2,SITE_NAME_1,SITE_NAME_2,SITE_NAME_COMPARISON_SCORE,STATE_1,STATE_2,STATE_COMPARISON_SCORE,CITY_1,CITY_2,CITY_COMPARISON_SCORE,CONCAT_ADDRESS_1,CONCAT_ADDRESS_2,CONCAT_ADDRESS_COMPARISON_SCORE,POSTAL_CODE_1,POSTAL_CODE_2,POSTAL_CODE_COMPARISON_SCORE,NUM_OF_MATCHES_FOUND
1006,1006,Hospital Universitario Austral,Hospital Universitario Austral,1.0,Buenos Aires,Buenos Aires,1.0,Buenos Aires,Buenos Aires,1.0,Avenida Juan D. Peron 1500,Avenida Juan D. Peron 1500,3.0,01629,01629,1.0,7.0
1007,1007,FUNDALEU - Fundacion para combatir la Leucemia,FUNDALEU - Fundacion para combatir la Leucemia,1.0,Ciudad Autonoma Buenos Aires,Ciudad Autonoma Buenos Aires,1.0,Ciudad Autonoma Buenos Aires,Ciudad Autonoma Buenos Aires,1.0,José E.Uriburu 1450,José E.Uriburu 1450,3.0,1114,1114,1.0,7.0
1008,1008,Hospital Británico,Hospital Británico,1.0,CIUDAD AUTONOMA BUENOS AIRES,CIUDAD AUTONOMA BUENOS AIRES,1.0,Ciudad Autonoma Buenos Aires,Ciudad Autonoma Buenos Aires,1.0,Solis 2171,Solis 2171,3.0,1134,1134,1.0,7.0
1009,1009,Hospital Italiano de Buenos Aires,Hospital Italiano de Buenos Aires,1.0,Ciudad Autónoma de BuenosAires,Ciudad Autónoma de BuenosAires,1.0,Ciudad Autonoma de Buenos Aires,Ciudad Autonoma de Buenos Aires,1.0,Calle Tte Gral Juan Domingo Peron 4190Department of Oncology,Calle Tte Gral Juan Domingo Peron 4190Department of Oncology,3.0,1199,1199,1.0,7.0
1010,1010,Hospital Britanico de Buenos Aires,Hospital Britanico de Buenos Aires,1.0,Ciudad Autonoma Buenos Aires,Ciudad Autonoma Buenos Aires,1.0,Ciudad Autonoma Buenos Aires,Ciudad Autonoma Buenos Aires,1.0,Perdriel 74,Perdriel 74,3.0,1280,1280,1.0,7.0
1011,1010,Hospital Britanico de Buenos Aires,Hospital Britanico de Buenos Aires,1.0,Ciudad Autonoma Buenos Aires,Ciudad Autonoma Buenos Aires,1.0,Ciudad Autonoma Buenos Aires,Ciudad Autonoma Buenos Aires,1.0,Perdriel 74,Perdriel 74,3.0,1280,1280,1.0,7.0
1012,1012,Complejo Medico de la Policia Federal Argentina Churruca Visca,Complejo Medico de la Policia Federal Argentina Churruca Visca,1.0,Ciudad Autonoma Buenos Aires,Ciudad Autonoma Buenos Aires,1.0,Ciudad Autonoma Buenos Aires,Ciudad Autonoma Buenos Aires,1.0,Uspallata 3400,Uspallata 3400,3.0,1416,1416,1.0,7.0
1013,1012,Complejo Medico de la Policia Federal Argentina Churruca Visca,Complejo Medico de la Policia Federal Argentina Churruca Visca,1.0,Ciudad Autonoma Buenos Aires,Ciudad Autonoma Buenos Aires,1.0,Ciudad Autonoma Buenos Aires,Ciudad Autonoma Buenos Aires,1.0,Uspallata 3400,Uspallata 3400,3.0,1416,1416,1.0,7.0
1014,1014,Centro Integral de Gastroenterología,Centro Integral de Gastroenterología,1.0,Ciudad Autónoma de BuenosAires,Ciudad Autónoma de BuenosAires,1.0,Buenos Aires,Buenos Aires,1.0,Ecuador 1481Centro Integral de Gastroenterología,Ecuador 1481Centro Integral de Gastroenterología,3.0,1425,1425,1.0,7.0
1015,1014,Centro Integral de Gastroenterología,Centro Integral de Gastroenterología,1.0,Ciudad Autónoma de BuenosAires,Ciudad Autónoma de BuenosAires,1.0,Buenos Aires,Buenos Aires,1.0,Ecuador 1481Centro Integral de Gastroenterología,Ecuador 1481Centro Integral de Gastroenterología,3.0,1425,1425,1.0,7.0
1016,1014,Centro Integral de Gastroenterología,Centro Integral de Gastroenterología,1.0,Ciudad Autónoma de BuenosAires,Ciudad Autónoma de BuenosAires,1.0,Buenos Aires,Buenos Aires,1.0,Ecuador 1481,Ecuador 1481Centro Integral de Gastroenterología,0.0,1425,1425,1.0,4.0
1017,1014,Centro Integral de Gastroenterología,Centro Integral de Gastroenterología,1.0,Ciudad Autónoma de BuenosAires,Ciudad Autónoma de BuenosAires,1.0,Buenos Aires,Buenos Aires,1.0,Ecuador 1481Centro Integral de Gastroenterología,Ecuador 1481Centro Integral de Gastroenterología,3.0,1425,1425,1.0,7.0
1018,1014,Centro Integral de Gastroenterología,Centro Integral de Gastroenterología,1.0,Ciudad Autónoma de BuenosAires,Ciudad Autónoma de BuenosAires,1.0,Buenos Aires,Buenos Aires,1.0,Ecuador 1481Centro Integral de Gastroenterología,Ecuador 1481Centro Integral de Gastroenterología,3.0,1425,1425,1.0,7.0
1019,1014,Centro Integral de Gastroenterología,Centro Integral de Gastroenterología,1.0,Ciudad Autónoma de BuenosAires,Ciudad Autónoma de BuenosAires,1.0,Buenos Aires,Buenos Aires,1.0,Ecuador 1481Centro Integral de Gastroenterología,Ecuador 1481Centro Integral de Gastroenterología,3.0,1425,1425,1.0,7.0
1020,1020,Hospital de Ninos Ricardo Gutierrez,Hospital de Ninos Ricardo Gutierrez,1.0,Ciudad Autónoma de BuenosAires,Ciudad Autónoma de BuenosAires,1.0,Buenos Aires,Buenos Aires,1.0,"Calle Gallo 1330, Division Promocion Y Proteccion De Lane SaludDivision Promocion Y Proteccion De Lane Salud","Calle Gallo 1330, Division Promocion Y Proteccion De Lane SaludDivision Promocion Y Proteccion De Lane Salud",3.0,1426,1426,1.0,7.0
1021,1021,Hospital Zonal General de Agudos Dr Carlos Bocalandro,Hospital Zonal General de Agudos Dr Carlos Bocalandro,1.0,Ciudad Autónoma de BuenosAires,Ciudad Autónoma de BuenosAires,1.0,Buenos Aires,Buenos Aires,1.0,Ruta 8 Km 20500Loma Hermosa,Ruta 8 Km 20500Loma Hermosa,3.0,1657,1657,1.0,7.0
1022,1021,Hospital Zonal General de Agudos Dr Carlos Bocalandro,Hospital Zonal General de Agudos Dr Carlos Bocalandro,1.0,Ciudad Autónoma de BuenosAires,Ciudad Autónoma de BuenosAires,1.0,Buenos Aires,Buenos Aires,1.0,Ruta 8 Km 20500Loma Hermosa,Ruta 8 Km 20500Loma Hermosa,3.0,1657,1657,1.0,7.0
1023,1023,Hospital Nacional Alejandro Posadas,Hospital Nacional Alejandro Posadas,1.0,Buenos Aires,Buenos Aires,1.0,El Palomar,El Palomar,1.0,Illia S/n Y Marconi,Illia S/n Y Marconi,3.0,1684,1684,1.0,7.0
1024,1024,Instituto CER S.A.,Instituto CER S.A.,1.0,Buenos Aires,Buenos Aires,1.0,Quilmes,Quilmes,1.0,Vincente Lopez 1441,Vincente Lopez 1441,3.0,1878,1878,1.0,7.0
1025,1024,Instituto CER S.A.,Instituto CER S.A.,1.0,Buenos Aires,Buenos Aires,1.0,Quilmes,Quilmes,1.0,Vincente Lopez 1441,Vincente Lopez 1441,3.0,1878,1878,1.0,7.0
1026,1024,Instituto CER S.A.,Instituto CER S.A.,1.0,Buenos Aires,Buenos Aires,1.0,Quilmes,Quilmes,1.0,Vincente Lopez 1441,Vincente Lopez 1441,3.0,1878,1878,1.0,7.0
1027,1024,Instituto CER S.A.,Instituto CER S.A.,1.0,Buenos Aires,Buenos Aires,1.0,Quilmes,Quilmes,1.0,Vincente Lopez 1441,Vincente Lopez 1441,3.0,1878,1878,1.0,7.0
1028,1024,Instituto CER S.A.,Instituto CER S.A.,1.0,Buenos Aires,Buenos Aires,1.0,Quilmes,Quilmes,1.0,Vincente Lopez 1441,Vincente Lopez 1441,3.0,1878,1878,1.0,7.0
1029,1024,Instituto CER S.A.,Instituto CER S.A.,1.0,Buenos Aires,Buenos Aires,1.0,Quilmes,Quilmes,1.0,Vincente Lopez 1441,Vincente Lopez 1441,3.0,1878,1878,1.0,7.0
1030,1024,Instituto CER S.A.,Instituto CER S.A.,1.0,Buenos Aires,Buenos Aires,1.0,Quilmes,Quilmes,1.0,Vincente Lopez 1441,Vincente Lopez 1441,3.0,1878,1878,1.0,7.0
1031,1031,Instituto Medico Platense,Instituto Medico Platense,1.0,Buenos Aires,Buenos Aires,1.0,La Plata,La Plata,1.0,Calle 51 N° 315 Entre 1 Y 2,Calle 51 N° 315 Entre 1 Y 2,3.0,1897,1897,1.0,7.0
1032,1032,Hospital de Niños Sor Maria Ludovica,Hospital de Niños Sor Maria Ludovica,1.0,Buenos Aires,Buenos Aires,1.0,La Plata,La Plata,1.0,"Calle 14 Nro 1631, Sala 6","Calle 14 Nro 1631, Sala 6",3.0,1900,1900,1.0,7.0
1033,1032,Hospital de Niños Sor Maria Ludovica,Hospital de Niños Sor Maria Ludovica,1.0,Buenos Aires,Buenos Aires,1.0,La Plata,La Plata,1.0,Calle 14 Numero 1631Hematologia y Hemoterapia,"Calle 14 Nro 1631, Sala 6",0.0,1900,1900,1.0,4.0
1034,1034,Hospital Italiano de La Plata,Hospital Italiano de La Plata,1.0,Buenos Aires,Buenos Aires,1.0,La Plata,La Plata,1.0,Avenida 51 nº1725 e/29 y 30,Avenida 51 nº1725 e/29 y 30,3.0,1900,1900,1.0,7.0
1035,1035,National University of La Plata,National University of La Plata,1.0,Buenos Aires,Buenos Aires,1.0,La Plata,La Plata,1.0,"Calle 47 y 115Facultad de Ciencias Exactas, Catedra de Inmunologia","Calle 47 y 115Facultad de Ciencias Exactas, Catedra de Inmunologia",3.0,1900,1900,1.0,7.0
1036,1036,Instituto de Hematologia Y Medicina Clinica Dr Ruben Davoli,Instituto de Hematologia Y Medicina Clinica Dr Ruben Davoli,1.0,Santa Fe,Santa Fe,1.0,Rosario,Rosario,1.0,Laprida 1061,Laprida 1061,3.0,2000,2000,1.0,7.0
1037,1036,Instituto de Hematologia Y Medicina Clinica Dr Ruben Davoli,Instituto de Hematologia Y Medicina Clinica Dr Ruben Davoli,1.0,Santa Fe,Santa Fe,1.0,Rosario,Rosario,1.0,Laprida 1061,Laprida 1061,3.0,2000,2000,1.0,7.0
1038,1038,Hospital San Martin,Hospital San Martin,1.0,Entre Ríos,Entre Ríos,1.0,Paraná,Paraná,1.0,Presidente Peron Numero 450,Presidente Peron Numero 450,3.0,3100,3100,1.0,7.0
1039,1039,Centro Para la Atencion Integral del Paciente Oncologico,Centro Para la Atencion Integral del Paciente Oncologico,1.0,TUCUMAN,TUCUMAN,1.0,San Miguel De Tucuman,San Miguel De Tucuman,1.0,Avenida Domingo Faustino Sarmiento 157,Avenida Domingo Faustino Sarmiento 157,3.0,4000,4000,1.0,7.0
1040,1040,Centro Diagnostico Zabala,Centro Diagnostico Zabala,1.0,Salta,Salta,1.0,Salta,Salta,1.0,Zabala 432,Zabala 432,3.0,4400,4400,1.0,7.0
1041,1040,Centro Diagnostico Zabala,Centro Diagnostico Zabala,1.0,Salta,Salta,1.0,Salta,Salta,1.0,Zabala 432,Zabala 432,3.0,4400,4400,1.0,7.0
1042,1042,Centro Privado Metabólico,Centro Privado Metabólico,1.0,Córdoba,Córdoba,1.0,Córdoba,Córdoba,1.0,Agustin Garzon Aguila 187,Agustin Garzon Aguila 187,3.0,5000,5000,1.0,7.0
1043,1042,Centro Privado Metabólico,Centro Privado Metabólico,1.0,Córdoba,Córdoba,1.0,Córdoba,Córdoba,1.0,Agustin Garzon Aguila 187,Agustin Garzon Aguila 187,3.0,5000,5000,1.0,7.0
1044,1044,Hospital San Roque,Hospital San Roque,1.0,Córdoba,Córdoba,1.0,Córdoba,Córdoba,1.0,Bajada Pucará 1900,Bajada Pucará 1900,3.0,5000,5000,1.0,7.0
1045,1045,Hospital Universitario de Maternidad Y Neonatología,Hospital Universitario de Maternidad Y Neonatología,1.0,Córdoba,Córdoba,1.0,Córdoba,Córdoba,1.0,Rodriguez Peña 285,Rodriguez Peña 285,3.0,5000,5000,1.0,7.0
1046,1046,Sanatorio Duarte Quiros,Sanatorio Duarte Quiros,1.0,CORDOBA,CORDOBA,1.0,Cordoba,Cordoba,1.0,Avenida Duarte Quiros 1948,Avenida Duarte Quiros 1948,3.0,5000,5000,1.0,7.0
1047,1047,Hospital Privado Centro Medico de Cordoba S.A,Hospital Privado Centro Medico de Cordoba S.A,1.0,Cordoba,Cordoba,1.0,Cordoba,Cordoba,1.0,Av. Naciones Unidas 346Parque Velez Sarsfield,Av. Naciones Unidas 346Parque Velez Sarsfield,3.0,5016,5016,1.0,7.0
1048,1047,Hospital Privado Centro Medico de Cordoba S.A,Hospital Privado Centro Medico de Cordoba S.A,1.0,Cordoba,Cordoba,1.0,Cordoba,Cordoba,1.0,Av. Naciones Unidas 346Parque Velez Sarsfield,Av. Naciones Unidas 346Parque Velez Sarsfield,3.0,5016,5016,1.0,7.0
1049,1049,Fundación Centro Oncológico de Integración Regional (COIR),Fundación Centro Oncológico de Integración Regional (COIR),1.0,Mendoza,Mendoza,1.0,Mendoza City,Mendoza City,1.0,Montecaseros 1020,Montecaseros 1020,3.0,5500,5500,1.0,7.0
1050,1049,Fundación Centro Oncológico de Integración Regional (COIR),Fundación Centro Oncológico de Integración Regional (COIR),1.0,Mendoza,Mendoza,1.0,Mendoza City,Mendoza City,1.0,Montecaseros 1020,Montecaseros 1020,3.0,5500,5500,1.0,7.0
1051,1049,Fundación Centro Oncológico de Integración Regional (COIR),Fundación Centro Oncológico de Integración Regional (COIR),1.0,Mendoza,Mendoza,1.0,Mendoza City,Mendoza City,1.0,Montecaseros 1020,Montecaseros 1020,3.0,5500,5500,1.0,7.0
1052,1052,Hospital Lagomaggiore,Hospital Lagomaggiore,1.0,Mendoza,Mendoza,1.0,Mendoza City,Mendoza City,1.0,Timoteo Gordillo S/n,Timoteo Gordillo S/n,3.0,5500,5500,1.0,7.0
1053,1052,Hospital Lagomaggiore,Hospital Lagomaggiore,1.0,Mendoza,Mendoza,1.0,Mendoza City,Mendoza City,1.0,Timoteo Gordillo S/n,Timoteo Gordillo S/n,3.0,5500,5500,1.0,7.0
1054,1052,Hospital Lagomaggiore,Hospital Lagomaggiore,1.0,Mendoza,Mendoza,1.0,Mendoza City,Mendoza City,1.0,Timoteo Gordillo S/n,Timoteo Gordillo S/n,3.0,5500,5500,1.0,7.0
1055,1052,Hospital Lagomaggiore,Hospital Lagomaggiore,1.0,Mendoza,Mendoza,1.0,Mendoza City,Mendoza City,1.0,Timoteo Gordillo S/n,Timoteo Gordillo S/n,3.0,5500,5500,1.0,7.0
1056,1056,Instituto Médico Río Cuarto,Instituto Médico Río Cuarto,1.0,Córdoba,Córdoba,1.0,Rio Cuarto,Rio Cuarto,1.0,Hipólito Irigoyen 1020,Hipólito Irigoyen 1020,3.0,5800,5800,1.0,7.0
1057,1057,Fundacion Koriza,Fundacion Koriza,1.0,La Pampa,La Pampa,1.0,Santa Rosa,Santa Rosa,1.0,Telen 1639,Telen 1639,3.0,6300,6300,1.0,7.0
1058,1058,Clínica Señor de Los Milagros,Clínica Señor de Los Milagros,1.0,Salta,Salta,1.0,Salta,Salta,1.0,Sarmiento 557,Sarmiento 557,3.0,A4400ERF,A4400ERF,1.0,7.0
1059,1006,Hospital Universitario Austral,Hospital Universitario Austral,1.0,Buenos Aires,Buenos Aires,1.0,Pilar,Buenos Aires,0.0,Avenida Juan Domingo Peron 1500,Avenida Juan D. Peron 1500,3.0,B1629AHJ,01629,0.0,5.0
1060,1060,Hospital Universitario Austral,Hospital Universitario Austral,1.0,Ciudad Autónoma de BuenosAires,Ciudad Autónoma de BuenosAires,1.0,Buenos Aires,Buenos Aires,1.0,"Avenida Juan D. Peron 1500, Asociacion Civil De Estudios Superiores","Avenida Juan D. Peron 1500, Asociacion Civil De Estudios Superiores",3.0,B1629AHJ,B1629AHJ,1.0,7.0
1061,1060,Hospital Universitario Austral,Hospital Universitario Austral,1.0,Ciudad Autónoma de BuenosAires,Ciudad Autónoma de BuenosAires,1.0,Buenos Aires,Buenos Aires,1.0,"Avenida Juan D. Peron 1500, Asociacion Civil De Estudios Superiores","Avenida Juan D. Peron 1500, Asociacion Civil De Estudios Superiores",3.0,B1629AHJ,B1629AHJ,1.0,7.0
1062,1006,Hospital Universitario Austral - PIN,Hospital Universitario Austral,1.0,Buenos Aires,Buenos Aires,1.0,Pilar,Buenos Aires,1.0,Avenida Juan Domingo Peron 1500,Avenida Juan D. Peron 1500,3.0,B1629AHJ,01629,1.0,7.0
1063,1006,Hospital Universitario Austral - PIN,Hospital Universitario Austral,1.0,Buenos Aires,Buenos Aires,1.0,Pilar,Buenos Aires,1.0,Avenida Puente Juan Domingo Perón 234Avenue Porte,Avenida Juan D. Peron 1500,0.0,B1629AHJ,01629,1.0,4.0
1064,1006,Hospital Universitario Austral,Hospital Universitario Austral,1.0,Buenos Aires,Buenos Aires,1.0,Pilar,Buenos Aires,1.0,Avenida Juan Domingo Peron 1500,Avenida Juan D. Peron 1500,3.0,B1629ODT,01629,0.0,6.0
1065,1006,Hospital Universitario Austral,Hospital Universitario Austral,1.0,Buenos Aires,Buenos Aires,1.0,Pilar,Buenos Aires,1.0,Avenida Juan Domingo Perón 1500,Avenida Juan D. Peron 1500,3.0,B1629ODT,01629,1.0,7.0
1066,1066,Hospital Universitario Austral,Hospital Universitario Austral,1.0,Pilar,Pilar,1.0,Buenos Aires,Buenos Aires,1.0,Av. Pte. Juan Domingo Peron 1500Ex Ruta 234 - Derqui,Av. Pte. Juan Domingo Peron 1500Ex Ruta 234 - Derqui,3.0,B1629ODT,B1629ODT,1.0,7.0
1067,1006,Hospital Universitario Austral - PIN,Hospital Universitario Austral,1.0,Buenos Aires,Buenos Aires,1.0,Pilar,Buenos Aires,1.0,Avenida Juan Domingo Perón 1500,Avenida Juan D. Peron 1500,3.0,B1629ODT,01629,1.0,7.0
1068,1068,Centro Médico Santa María de la Salud,Centro Médico Santa María de la Salud,1.0,Buenos Aires,Buenos Aires,1.0,San Isidro,San Isidro,1.0,Avenida del Libertador N° 16131,Avenida del Libertador N° 16131,3.0,B1642,B1642,1.0,7.0
1069,1069,Hospital Nacional Alejandro Posadas,Hospital Nacional Alejandro Posadas,1.0,Buenos Aires,Buenos Aires,1.0,El Palomar,El Palomar,1.0,Av. Marconi y Pte. Illia,Av. Marconi y Pte. Illia,3.0,B1684,B1684,1.0,7.0
1070,1069,Hospital Nacional Alejandro Posadas,Hospital Nacional Alejandro Posadas,1.0,Buenos Aires,Buenos Aires,1.0,El Palomar,El Palomar,1.0,Av. Marconi y Pte. Illia,Av. Marconi y Pte. Illia,3.0,B1684,B1684,1.0,7.0
1071,1069,Hospital Nacional Alejandro Posadas,Hospital Nacional Alejandro Posadas,1.0,Buenos Aires,Buenos Aires,1.0,El Palomar,El Palomar,1.0,Av. Marconi y Pte. Illia,Av. Marconi y Pte. Illia,3.0,B1684,B1684,1.0,7.0
1072,1069,Hospital Nacional Alejandro Posadas,Hospital Nacional Alejandro Posadas,1.0,Buenos Aires,Buenos Aires,1.0,El Palomar,El Palomar,1.0,Av. Marconi y Pte. Illia,Av. Marconi y Pte. Illia,3.0,B1684,B1684,1.0,7.0
1073,1069,Hospital Nacional Alejandro Posadas,Hospital Nacional Alejandro Posadas,1.0,Buenos Aires,Buenos Aires,1.0,El Palomar,El Palomar,1.0,Av. Marconi y Pte. Illia,Av. Marconi y Pte. Illia,3.0,B1684,B1684,1.0,7.0
1074,1069,Hospital Nacional Alejandro Posadas,Hospital Nacional Alejandro Posadas,1.0,Buenos Aires,Buenos Aires,1.0,El Palomar,El Palomar,1.0,Av. Marconi y Pte. Illia,Av. Marconi y Pte. Illia,3.0,B1684,B1684,1.0,7.0
1075,1069,Hospital Nacional Alejandro Posadas,Hospital Nacional Alejandro Posadas,1.0,Buenos Aires,Buenos Aires,1.0,El Palomar,El Palomar,1.0,Av. Marconi y Pte. Illia,Av. Marconi y Pte. Illia,3.0,B1684,B1684,1.0,7.0
1076,1076,CIMEL,CIMEL,1.0,Buenos Aires,Buenos Aires,1.0,Lanús,Lanús,1.0,Tucumán 1314,Tucumán 1314,3.0,B1824 KAJ,B1824 KAJ,1.0,7.0
1077,1077,Sanatorio Itoiz,Sanatorio Itoiz,1.0,Buenos Aires,Buenos Aires,1.0,Avellaneda,Avellaneda,1.0,Alsina 174,Alsina 174,3.0,B1870CID,B1870CID,1.0,7.0
1078,1024,COIBA Centro de Oncología e Investigación Buenos Aires,Instituto CER S.A.,0.0,Buenos Aires,Buenos Aires,1.0,Quilmes,Quilmes,1.0,Vicente Lopez 1441,Vincente Lopez 1441,3.0,B1878DVB,1878,0.0,5.0
1079,1079,Instituto Medico CER,Instituto Medico CER,1.0,Quilmes,Quilmes,1.0,Buenos Aires,Buenos Aires,1.0,Vicente Lopez 1441,Vicente Lopez 1441,3.0,B1878DVB,B1878DVB,1.0,7.0
1080,1079,Instituto Medico CER,Instituto Medico CER,1.0,Quilmes,Quilmes,1.0,Buenos Aires,Buenos Aires,1.0,Vicente Lopez 1441,Vicente Lopez 1441,3.0,B1878DVB,B1878DVB,1.0,7.0
1081,1081,Sanatorio Urquiza,Sanatorio Urquiza,1.0,Buenos Aires,Buenos Aires,1.0,Quilmes,Quilmes,1.0,Urquiza 1537,Urquiza 1537,3.0,B1878EME,B1878EME,1.0,7.0
1082,1081,Sanatorio Urquiza,Sanatorio Urquiza,1.0,Buenos Aires,Buenos Aires,1.0,Quilmes,Quilmes,1.0,Urquiza 1537,Urquiza 1537,3.0,B1878EME,B1878EME,1.0,7.0
1083,1083,Hospital Italiano de La Plata,Hospital Italiano de La Plata,1.0,Buenos Aires,Buenos Aires,1.0,La Plata,La Plata,1.0,Calle 51 Numero 1724 Entre 29 Y 30,Calle 51 Numero 1724 Entre 29 Y 30,3.0,B1900AX,B1900AX,1.0,7.0
1084,1083,Hospital Italiano de La Plata,Hospital Italiano de La Plata,1.0,Buenos Aires,Buenos Aires,1.0,La Plata,La Plata,1.0,Av. 51 No 1725,Calle 51 Numero 1724 Entre 29 Y 30,0.0,B1900AXI,B1900AX,1.0,4.0
1085,1085,Hospital Italiano de La Plata,Hospital Italiano de La Plata,1.0,La Plata,La Plata,1.0,Buenos Aires,Buenos Aires,1.0,Av. 51 entre 29 y 30,Av. 51 entre 29 y 30,3.0,B1900AXI,B1900AXI,1.0,7.0
1086,1034,Hospital Italiano La Plata,Hospital Italiano de La Plata,1.0,BUENOS AIRES,Buenos Aires,1.0,La Plata,La Plata,1.0,Avenida 51 N 1725Entre 29 Y 30,Avenida 51 nº1725 e/29 y 30,3.0,B1900AXI,1900,0.0,6.0
1087,1087,Hospital Interzonal General de Agudos General San Martín,Hospital Interzonal General de Agudos General San Martín,1.0,Buenos Aires,Buenos Aires,1.0,La Plata,La Plata,1.0,"Avenida 1, N° 1791","Avenida 1, N° 1791",3.0,B1904CFH,B1904CFH,1.0,7.0
1088,1088,Instituto de Nefrología Pergamino,Instituto de Nefrología Pergamino,1.0,Buenos Aires,Buenos Aires,1.0,Pergamino,Pergamino,1.0,Avenida de Mayo 1115,Avenida de Mayo 1115,3.0,B2700CPM,B2700CPM,1.0,7.0
1089,1089,Centro Nefrologico de la Costa,Centro Nefrologico de la Costa,1.0,Buenos Aires,Buenos Aires,1.0,Santa Teresita,Santa Teresita,1.0,Calle 8 N°866,Calle 8 N°866,3.0,B7107DIR,B7107DIR,1.0,7.0
1090,1090,Centro de Investigaciones Medicas Mar del Plata,Centro de Investigaciones Medicas Mar del Plata,1.0,Mar del Plata,Mar del Plata,1.0,Buenos Aires,Buenos Aires,1.0,"Av. Colón 3083, 1 y  5to piso","Av. Colón 3083, 1 y  5to piso",3.0,B7600FYK,B7600FYK,1.0,7.0
1091,1090,Centro de Investigaciones Medicas Mar del Plata,Centro de Investigaciones Medicas Mar del Plata,1.0,Mar del Plata,Mar del Plata,1.0,Buenos Aires,Buenos Aires,1.0,"Av. Colón 3083, 1 y  5to piso","Av. Colón 3083, 1 y  5to piso",3.0,B7600FYK,B7600FYK,1.0,7.0
1092,1092,Clínica Colón,Clínica Colón,1.0,Buenos Aires,Buenos Aires,1.0,Mar del Plata,Mar del Plata,1.0,Avenida Colón 3651,Avenida Colón 3651,3.0,B7600FZD,B7600FZD,1.0,7.0
1093,1093,Instituto Lavalle de Oncologia Y Terapia Radiante,Instituto Lavalle de Oncologia Y Terapia Radiante,1.0,Buenos Aires,Buenos Aires,1.0,Bahía Blanca,Bahía Blanca,1.0,Lavalle 257,Lavalle 257,3.0,B8000INE,B8000INE,1.0,7.0
1094,1093,"Office of Horacio D. Caferri, MD",Instituto Lavalle de Oncologia Y Terapia Radiante,0.0,Buenos Aires,Buenos Aires,1.0,Bahía Blanca,Bahía Blanca,1.0,Lavalle 257,Lavalle 257,3.0,B8000INE,B8000INE,1.0,6.0
1095,1095,Instituto de Investigaciones Metabólicas - IDIM,Instituto de Investigaciones Metabólicas - IDIM,1.0,Buenos Aires,Buenos Aires,1.0,Buenos Aires,Buenos Aires,1.0,Libertad 836 Cordoba 2351,Libertad 836 Cordoba 2351,3.0,C1012AAR,C1012AAR,1.0,7.0
1096,1096,Fundacion Favaloro,Fundacion Favaloro,1.0,Ciudad Autonoma Buenos Aires,Ciudad Autonoma Buenos Aires,1.0,Ciudad Autonoma Buenos Aires,Ciudad Autonoma Buenos Aires,1.0,Av. Belgrano 1746,Av. Belgrano 1746,3.0,C1093AAS,C1093AAS,1.0,7.0
1097,1097,Fundación Favaloro,Fundación Favaloro,1.0,Buenos Aires,Buenos Aires,1.0,Buenos Aires,Buenos Aires,1.0,"Av. Belgrano 1746, 7º piso","Av. Belgrano 1746, 7º piso",3.0,C1093AAS,C1093AAS,1.0,7.0
1098,1097,Fundación Favaloro,Fundación Favaloro,1.0,Buenos Aires,Buenos Aires,1.0,Buenos Aires,Buenos Aires,1.0,"Av. Belgrano 1746, 7º piso","Av. Belgrano 1746, 7º piso",3.0,C1093AAS,C1093AAS,1.0,7.0
1099,1097,Fundación Favaloro,Fundación Favaloro,1.0,Buenos Aires,Buenos Aires,1.0,Buenos Aires,Buenos Aires,1.0,"Av. Belgrano 1746, 7º piso","Av. Belgrano 1746, 7º piso",3.0,C1093AAS,C1093AAS,1.0,7.0
1100,1097,Fundación Favaloro,Fundación Favaloro,1.0,Buenos Aires,Buenos Aires,1.0,Buenos Aires,Buenos Aires,1.0,"Av. Belgrano 1746, 7º piso","Av. Belgrano 1746, 7º piso",3.0,C1093AAS,C1093AAS,1.0,7.0
1101,1097,Fundación Favaloro,Fundación Favaloro,1.0,Buenos Aires,Buenos Aires,1.0,Buenos Aires,Buenos Aires,1.0,"Av. Belgrano 1746, 7º piso","Av. Belgrano 1746, 7º piso",3.0,C1093AAS,C1093AAS,1.0,7.0
1102,1097,Fundación Favaloro,Fundación Favaloro,1.0,Buenos Aires,Buenos Aires,1.0,Buenos Aires,Buenos Aires,1.0,"Av. Belgrano 1746, 7º piso","Av. Belgrano 1746, 7º piso",3.0,C1093AAS,C1093AAS,1.0,7.0
1103,1097,Fundación Favaloro,Fundación Favaloro,1.0,Buenos Aires,Buenos Aires,1.0,Buenos Aires,Buenos Aires,1.0,"Av. Belgrano 1746, 7º piso","Av. Belgrano 1746, 7º piso",3.0,C1093AAS,C1093AAS,1.0,7.0
1104,1104,Fundación Favaloro,Fundación Favaloro,1.0,Ciudad Autónoma de BuenosAires,Ciudad Autónoma de BuenosAires,1.0,Buenos Aires,Buenos Aires,1.0,Avenida Belgrano 1746,Avenida Belgrano 1746,3.0,C1093AAS,C1093AAS,1.0,7.0
1105,1104,Fundación Favaloro,Fundación Favaloro,1.0,Ciudad Autónoma de BuenosAires,Ciudad Autónoma de BuenosAires,1.0,Buenos Aires,Buenos Aires,1.0,Avenida Belgrano 1746,Avenida Belgrano 1746,3.0,C1093AAS,C1093AAS,1.0,7.0
1106,1104,Fundación Favaloro,Fundación Favaloro,1.0,Ciudad Autónoma de BuenosAires,Ciudad Autónoma de BuenosAires,1.0,Buenos Aires,Buenos Aires,1.0,Avenida Belgrano 1746,Avenida Belgrano 1746,3.0,C1093AAS,C1093AAS,1.0,7.0
1107,1104,Fundación Favaloro,Fundación Favaloro,1.0,Ciudad Autónoma de BuenosAires,Ciudad Autónoma de BuenosAires,1.0,Buenos Aires,Buenos Aires,1.0,Avenida Belgrano 1746,Avenida Belgrano 1746,3.0,C1093AAS,C1093AAS,1.0,7.0
1108,1096,Fundacion Favaloro Hospital Universitario,Fundacion Favaloro,0.0,BUENOS AIRES,Ciudad Autonoma Buenos Aires,0.0,Ciudad Autonoma de Buenos Aires,Ciudad Autonoma Buenos Aires,1.0,Avenida Belgrano 1746,Av. Belgrano 1746,3.0,C1093AAS,C1093AAS,1.0,5.0
1109,1109,FUNDALEU,FUNDALEU,1.0,Buenos Aires,Buenos Aires,1.0,Buenos Aires,Buenos Aires,1.0,Presidente José Evaristo Uriburu 1450,Presidente José Evaristo Uriburu 1450,3.0,C1114AAN,C1114AAN,1.0,7.0
1110,1007,Fundaleu,FUNDALEU - Fundacion para combatir la Leucemia,0.0,BUENOS AIRES,Ciudad Autonoma Buenos Aires,0.0,Ciudad Autonoma de Buenos Aires,Ciudad Autonoma Buenos Aires,1.0,Jos E Uriburu 1450,José E.Uriburu 1450,3.0,C1114AAN,1114,0.0,4.0
1111,1111,FUNDALEU,FUNDALEU,1.0,Ciudad Autónoma de BuenosAires,Ciudad Autónoma de BuenosAires,1.0,Buenos Aires,Buenos Aires,1.0,"Pte. J. East Uriburu 1450, Pte. J. East Uriburu 1520","Pte. J. East Uriburu 1450, Pte. J. East Uriburu 1520",3.0,C1114AAN / C1114AAP,C1114AAN / C1114AAP,1.0,7.0
1112,1111,FUNDALEU,FUNDALEU,1.0,Ciudad Autónoma de BuenosAires,Ciudad Autónoma de BuenosAires,1.0,Buenos Aires,Buenos Aires,1.0,"Pte. J. East Uriburu 1450, Pte. J. East Uriburu 1520","Pte. J. East Uriburu 1450, Pte. J. East Uriburu 1520",3.0,C1114AAN / C1114AAP,C1114AAN / C1114AAP,1.0,7.0
1113,1113,Gedyt,Gedyt,1.0,Buenos Aires,Buenos Aires,1.0,Buenos Aires,Buenos Aires,1.0,Azcuénaga 1275,Azcuénaga 1275,3.0,C1115AAI,C1115AAI,1.0,7.0
1114,1113,Gedyt,Gedyt,1.0,Buenos Aires,Buenos Aires,1.0,Buenos Aires,Buenos Aires,1.0,Azcuénaga 1275,Azcuénaga 1275,3.0,C1115AAI,C1115AAI,1.0,7.0
1115,1113,Gedyt,Gedyt,1.0,Buenos Aires,Buenos Aires,1.0,Buenos Aires,Buenos Aires,1.0,Azcuénaga 1275,Azcuénaga 1275,3.0,C1115AAI,C1115AAI,1.0,7.0
1116,1113,Gedyt,Gedyt,1.0,Buenos Aires,Buenos Aires,1.0,Buenos Aires,Buenos Aires,1.0,Azcuénaga 1275,Azcuénaga 1275,3.0,C1115AAI,C1115AAI,1.0,7.0
1117,1113,Gedyt,Gedyt,1.0,Buenos Aires,Buenos Aires,1.0,Buenos Aires,Buenos Aires,1.0,Azcuénaga 1275,Azcuénaga 1275,3.0,C1115AAI,C1115AAI,1.0,7.0
1118,1118,Hospital Aleman,Hospital Aleman,1.0,Buenos Aires,Buenos Aires,1.0,Buenos Aires,Buenos Aires,1.0,"Av Pueyrredón 1640, C1118AAT","Av Pueyrredón 1640, C1118AAT",3.0,C1118AAT,C1118AAT,1.0,7.0
1119,1118,Hospital Aleman,Hospital Aleman,1.0,Buenos Aires,Buenos Aires,1.0,Buenos Aires,Buenos Aires,1.0,"Av Pueyrredón 1640, C1118AAT","Av Pueyrredón 1640, C1118AAT",3.0,C1118AAT,C1118AAT,1.0,7.0
1120,1118,Hospital Aleman,Hospital Aleman,1.0,Buenos Aires,Buenos Aires,1.0,Buenos Aires,Buenos Aires,1.0,"Av Pueyrredón 1640, C1118AAT","Av Pueyrredón 1640, C1118AAT",3.0,C1118AAT,C1118AAT,1.0,7.0
1121,1118,Hospital Aleman,Hospital Aleman,1.0,Buenos Aires,Buenos Aires,1.0,Buenos Aires,Buenos Aires,1.0,"Av Pueyrredón 1640, C1118AAT","Av Pueyrredón 1640, C1118AAT",3.0,C1118AAT,C1118AAT,1.0,7.0
1122,1118,Hospital Aleman,Hospital Aleman,1.0,Buenos Aires,Buenos Aires,1.0,Buenos Aires,Buenos Aires,1.0,"Av Pueyrredón 1640, C1118AAT","Av Pueyrredón 1640, C1118AAT",3.0,C1118AAT,C1118AAT,1.0,7.0
1123,1118,Hospital Aleman,Hospital Aleman,1.0,Buenos Aires,Buenos Aires,1.0,Buenos Aires,Buenos Aires,1.0,"Av Pueyrredón 1640, C1118AAT","Av Pueyrredón 1640, C1118AAT",3.0,C1118AAT,C1118AAT,1.0,7.0
1124,1118,Hospital Aleman,Hospital Aleman,1.0,Buenos Aires,Buenos Aires,1.0,Buenos Aires,Buenos Aires,1.0,"Av Pueyrredón 1640, C1118AAT","Av Pueyrredón 1640, C1118AAT",3.0,C1118AAT,C1118AAT,1.0,7.0
1125,1125,Hospital Alemán,Hospital Alemán,1.0,Ciudad Autónoma de BuenosAires,Ciudad Autónoma de BuenosAires,1.0,Buenos Aires,Buenos Aires,1.0,Av. Juan M. de Pueyrredón 1640,Av. Juan M. de Pueyrredón 1640,3.0,C1118AAT,C1118AAT,1.0,7.0
1126,1125,Hospital Alemán,Hospital Alemán,1.0,Ciudad Autónoma de BuenosAires,Ciudad Autónoma de BuenosAires,1.0,Buenos Aires,Buenos Aires,1.0,Av. Juan M. de Pueyrredón 1640,Av. Juan M. de Pueyrredón 1640,3.0,C1118AAT,C1118AAT,1.0,7.0
1127,1125,Hospital Alemán,Hospital Alemán,1.0,Ciudad Autónoma de BuenosAires,Ciudad Autónoma de BuenosAires,1.0,Buenos Aires,Buenos Aires,1.0,Av. Juan M. de Pueyrredón 1640,Av. Juan M. de Pueyrredón 1640,3.0,C1118AAT,C1118AAT,1.0,7.0
1128,1125,Hospital Alemán,Hospital Alemán,1.0,Ciudad Autónoma de BuenosAires,Ciudad Autónoma de BuenosAires,1.0,Buenos Aires,Buenos Aires,1.0,Av. Juan M. de Pueyrredón 1640,Av. Juan M. de Pueyrredón 1640,3.0,C1118AAT,C1118AAT,1.0,7.0
1129,1125,Hospital Alemán,Hospital Alemán,1.0,Ciudad Autónoma de BuenosAires,Ciudad Autónoma de BuenosAires,1.0,Buenos Aires,Buenos Aires,1.0,Av. Juan M. de Pueyrredón 1640,Av. Juan M. de Pueyrredón 1640,3.0,C1118AAT,C1118AAT,1.0,7.0
1130,1125,Hospital Alemán,Hospital Alemán,1.0,Ciudad Autónoma de BuenosAires,Ciudad Autónoma de BuenosAires,1.0,Buenos Aires,Buenos Aires,1.0,Av. Juan M. de Pueyrredón 1640,Av. Juan M. de Pueyrredón 1640,3.0,C1118AAT,C1118AAT,1.0,7.0
1131,1125,Hospital Alemán,Hospital Alemán,1.0,Ciudad Autónoma de BuenosAires,Ciudad Autónoma de BuenosAires,1.0,Buenos Aires,Buenos Aires,1.0,Av. Juan M. de Pueyrredón 1640,Av. Juan M. de Pueyrredón 1640,3.0,C1118AAT,C1118AAT,1.0,7.0
1132,1125,Hospital Alemán,Hospital Alemán,1.0,Ciudad Autónoma de BuenosAires,Ciudad Autónoma de BuenosAires,1.0,Buenos Aires,Buenos Aires,1.0,Avenida Juan M. de Pueyrredón 1640,Av. Juan M. de Pueyrredón 1640,3.0,C1118AAT,C1118AAT,1.0,7.0
1133,1133,CIPREC,CIPREC,1.0,Ciudad Autonoma Buenos Aires,Ciudad Autonoma Buenos Aires,1.0,Ciudad Autonoma Buenos Aires,Ciudad Autonoma Buenos Aires,1.0,Av. Pueyrredon 1746 2 A,Av. Pueyrredon 1746 2 A,3.0,C1119ACN,C1119ACN,1.0,7.0
1134,1134,Centro Medico Viamonte SRL,Centro Medico Viamonte SRL,1.0,Ciudad Autonoma de Buenos Aires,Ciudad Autonoma de Buenos Aires,1.0,Ciudad Autonoma Buenos Aires,Ciudad Autonoma Buenos Aires,1.0,Av.Cordoba 2019,Av.Cordoba 2019,3.0,C1120AAC,C1120AAC,1.0,7.0
1135,1134,Centro Medico Viamonte SRL,Centro Medico Viamonte SRL,1.0,Ciudad Autonoma de Buenos Aires,Ciudad Autonoma de Buenos Aires,1.0,Ciudad Autonoma Buenos Aires,Ciudad Autonoma Buenos Aires,1.0,Av.Cordoba 2019,Av.Cordoba 2019,3.0,C1120AAC,C1120AAC,1.0,7.0
1136,1136,Instituto Argentino de Diagnostico Y Tratamiento,Instituto Argentino de Diagnostico Y Tratamiento,1.0,Ciudad Autónoma de BuenosAires,Ciudad Autónoma de BuenosAires,1.0,Buenos Aires,Buenos Aires,1.0,Marcelo T De Alvear 2346,Marcelo T De Alvear 2346,3.0,C1122AAL,C1122AAL,1.0,7.0
1137,1136,Instituto Argentino de Diagnostico Y Tratamiento,Instituto Argentino de Diagnostico Y Tratamiento,1.0,Ciudad Autónoma de BuenosAires,Ciudad Autónoma de BuenosAires,1.0,Buenos Aires,Buenos Aires,1.0,Marcelo T. De Alvear 2346,Marcelo T De Alvear 2346,3.0,C1122AAL,C1122AAL,1.0,7.0
1138,1138,Instituto Médico Especializado Alexander Fleming,Instituto Médico Especializado Alexander Fleming,1.0,Buenos Aires,Buenos Aires,1.0,Buenos Aires,Buenos Aires,1.0,"Cramer 1180, CABA","Cramer 1180, CABA",3.0,C1122AAL,C1122AAL,1.0,7.0
1139,1139,Fundación CENIT para la Investigación en Neurociencias,Fundación CENIT para la Investigación en Neurociencias,1.0,Buenos Aires,Buenos Aires,1.0,CABA,CABA,1.0,Juncal 2222PB,Juncal 2222PB,3.0,C1125ABD,C1125ABD,1.0,7.0
1140,1140,Expertia S.A- Mautalen Salud e Investigación,Expertia S.A- Mautalen Salud e Investigación,1.0,Ciudad Autonoma Buenos Aires,Ciudad Autonoma Buenos Aires,1.0,Buenos Aires,Buenos Aires,1.0,Azcuénaga 1860 8ºPiso 8,Azcuénaga 1860 8ºPiso 8,3.0,C1128AAF,C1128AAF,1.0,7.0
1141,1141,Hospital Gral de Agudos Dr Cosme Argerich,Hospital Gral de Agudos Dr Cosme Argerich,1.0,Ciudad Autónoma de BuenosAires,Ciudad Autónoma de BuenosAires,1.0,Buenos Aires,Buenos Aires,1.0,Almirante Brown 240,Almirante Brown 240,3.0,C1155ADP,C1155ADP,1.0,7.0
1142,1142,Hospital Gral de Agudos Dr Cosme Argerich,Hospital Gral de Agudos Dr Cosme Argerich,1.0,Ciudad Autónoma de BuenosAires,Ciudad Autónoma de BuenosAires,1.0,Buenos Aires,Buenos Aires,1.0,"Benito Lynch 2615, 5 ª Planta","Benito Lynch 2615, 5 ª Planta",3.0,C1155AHD,C1155AHD,1.0,7.0
1143,1143,Fundación Sanatorio Güemes,Fundación Sanatorio Güemes,1.0,Ciudad Autónoma de BuenosAires,Ciudad Autónoma de BuenosAires,1.0,Buenos Aires,Buenos Aires,1.0,Francisco Acuña de Figueroa 1240,Francisco Acuña de Figueroa 1240,3.0,C1180AAX,C1180AAX,1.0,7.0
1144,1144,Sanatorio Guemes,Sanatorio Guemes,1.0,Ciudad Autónoma de BuenosAires,Ciudad Autónoma de BuenosAires,1.0,Buenos Aires,Buenos Aires,1.0,Francisco Acuña de Figueroa 1240,Francisco Acuña de Figueroa 1240,3.0,C1180AAX,C1180AAX,1.0,7.0
1145,1144,Sanatorio Guemes,Sanatorio Guemes,1.0,Ciudad Autónoma de BuenosAires,Ciudad Autónoma de BuenosAires,1.0,Buenos Aires,Buenos Aires,1.0,Francisco Acuña De Figueroa 1240,Francisco Acuña de Figueroa 1240,3.0,C1180AAX,C1180AAX,1.0,7.0
1146,1144,Sanatorio Guemes,Sanatorio Guemes,1.0,Ciudad Autónoma de BuenosAires,Ciudad Autónoma de BuenosAires,1.0,Buenos Aires,Buenos Aires,1.0,Francisco Acuña de Figueroa 1240,Francisco Acuña de Figueroa 1240,3.0,C1180AAX,C1180AAX,1.0,7.0
1147,1144,Sanatorio Guemes,Sanatorio Guemes,1.0,Ciudad Autónoma de BuenosAires,Ciudad Autónoma de BuenosAires,1.0,Buenos Aires,Buenos Aires,1.0,Francisco Acuña de Figueroa 1240,Francisco Acuña de Figueroa 1240,3.0,C1180AAX,C1180AAX,1.0,7.0
1148,1144,Sanatorio Guemes,Sanatorio Guemes,1.0,Ciudad Autónoma de BuenosAires,Ciudad Autónoma de BuenosAires,1.0,Buenos Aires,Buenos Aires,1.0,Francisco Acuña de Figueroa 1240,Francisco Acuña de Figueroa 1240,3.0,C1180AAX,C1180AAX,1.0,7.0
1149,1144,Sanatorio Guemes,Sanatorio Guemes,1.0,Ciudad Autónoma de BuenosAires,Ciudad Autónoma de BuenosAires,1.0,Buenos Aires,Buenos Aires,1.0,Francisco Acuña de Figueroa 1240,Francisco Acuña de Figueroa 1240,3.0,C1180AAX,C1180AAX,1.0,7.0
1150,1144,Sanatorio Guemes,Sanatorio Guemes,1.0,Ciudad Autónoma de BuenosAires,Ciudad Autónoma de BuenosAires,1.0,Buenos Aires,Buenos Aires,1.0,Francisco Acuña de Figueroa 1240,Francisco Acuña de Figueroa 1240,3.0,C1180AAX,C1180AAX,1.0,7.0
1151,1144,Sanatorio Guemes,Sanatorio Guemes,1.0,Ciudad Autónoma de BuenosAires,Ciudad Autónoma de BuenosAires,1.0,Buenos Aires,Buenos Aires,1.0,Francisco Acuña de Figueroa 1240,Francisco Acuña de Figueroa 1240,3.0,C1180AAX,C1180AAX,1.0,7.0
1152,1152,Hospital Italiano,Hospital Italiano,1.0,Buenos Aires,Buenos Aires,1.0,Buenos Aires,Buenos Aires,1.0,Esteban A. Gascón 450,Esteban A. Gascón 450,3.0,C1181ACH,C1181ACH,1.0,7.0
1153,1153,Hospital Italiano,Hospital Italiano,1.0,Ciudad Autonoma Buenos Aires,Ciudad Autonoma Buenos Aires,1.0,Buenos Aires,Buenos Aires,1.0,Juan D. Perón 4190,Juan D. Perón 4190,3.0,C1181ACH,C1181ACH,1.0,7.0
1154,1153,Hospital Italiano,Hospital Italiano,1.0,Ciudad Autonoma Buenos Aires,Ciudad Autonoma Buenos Aires,1.0,Buenos Aires,Buenos Aires,1.0,Juan D. Perón 4190,Juan D. Perón 4190,3.0,C1181ACH,C1181ACH,1.0,7.0
1155,1153,Hospital Italiano,Hospital Italiano,1.0,Ciudad Autonoma Buenos Aires,Ciudad Autonoma Buenos Aires,1.0,Buenos Aires,Buenos Aires,1.0,Juan D. Perón 4190,Juan D. Perón 4190,3.0,C1181ACH,C1181ACH,1.0,7.0
1156,1153,Hospital Italiano,Hospital Italiano,1.0,Ciudad Autonoma Buenos Aires,Ciudad Autonoma Buenos Aires,1.0,Buenos Aires,Buenos Aires,1.0,Juan D. Perón 4190,Juan D. Perón 4190,3.0,C1181ACH,C1181ACH,1.0,7.0
1157,1153,Hospital Italiano,Hospital Italiano,1.0,Ciudad Autonoma Buenos Aires,Ciudad Autonoma Buenos Aires,1.0,Buenos Aires,Buenos Aires,1.0,Juan D. Perón 4190,Juan D. Perón 4190,3.0,C1181ACH,C1181ACH,1.0,7.0
1158,1153,Hospital Italiano,Hospital Italiano,1.0,Ciudad Autonoma Buenos Aires,Ciudad Autonoma Buenos Aires,1.0,Buenos Aires,Buenos Aires,1.0,Juan D. Perón 4190,Juan D. Perón 4190,3.0,C1181ACH,C1181ACH,1.0,7.0
1159,1159,Hospital Italiano de Buenos Aires,Hospital Italiano de Buenos Aires,1.0,BUENOS AIRES,BUENOS AIRES,1.0,Ciudad Autonoma de Buenos Aires,Ciudad Autonoma de Buenos Aires,1.0,Calle Esteban A Gascn 450Suite 1202,Calle Esteban A Gascn 450Suite 1202,3.0,C1181ACH,C1181ACH,1.0,7.0
1160,1160,Hospital Italiano de Buenos Aires,Hospital Italiano de Buenos Aires,1.0,Ciudad Autónoma de BuenosAires,Ciudad Autónoma de BuenosAires,1.0,Buenos Aires,Buenos Aires,1.0,Juan D. Peron 4190,Juan D. Peron 4190,3.0,C1181ACH,C1181ACH,1.0,7.0
1161,1160,Hospital Italiano de Buenos Aires,Hospital Italiano de Buenos Aires,1.0,Ciudad Autónoma de BuenosAires,Ciudad Autónoma de BuenosAires,1.0,Buenos Aires,Buenos Aires,1.0,Juan D. Peron 4190,Juan D. Peron 4190,3.0,C1181ACH,C1181ACH,1.0,7.0
1162,1160,Hospital Italiano de Buenos Aires,Hospital Italiano de Buenos Aires,1.0,Ciudad Autónoma de BuenosAires,Ciudad Autónoma de BuenosAires,1.0,Buenos Aires,Buenos Aires,1.0,Juan D. Peron 4190,Juan D. Peron 4190,3.0,C1181ACH,C1181ACH,1.0,7.0
1163,1160,Hospital Italiano de Buenos Aires,Hospital Italiano de Buenos Aires,1.0,Ciudad Autónoma de BuenosAires,Ciudad Autónoma de BuenosAires,1.0,Buenos Aires,Buenos Aires,1.0,Juan D. Peron 4190,Juan D. Peron 4190,3.0,C1181ACH,C1181ACH,1.0,7.0
1164,1160,Hospital Italiano de Buenos Aires,Hospital Italiano de Buenos Aires,1.0,Ciudad Autónoma de BuenosAires,Ciudad Autónoma de BuenosAires,1.0,Buenos Aires,Buenos Aires,1.0,Juan D. Peron 4190,Juan D. Peron 4190,3.0,C1181ACH,C1181ACH,1.0,7.0
1165,1160,Hospital Italiano de Buenos Aires,Hospital Italiano de Buenos Aires,1.0,Ciudad Autónoma de BuenosAires,Ciudad Autónoma de BuenosAires,1.0,Buenos Aires,Buenos Aires,1.0,Juan D. Peron 4190,Juan D. Peron 4190,3.0,C1181ACH,C1181ACH,1.0,7.0
1166,1160,Hospital Italiano de Buenos Aires,Hospital Italiano de Buenos Aires,1.0,Ciudad Autónoma de BuenosAires,Ciudad Autónoma de BuenosAires,1.0,Buenos Aires,Buenos Aires,1.0,Juan D. Peron 4190,Juan D. Peron 4190,3.0,C1181ACH,C1181ACH,1.0,7.0
1167,1160,Hospital Italiano de Buenos Aires,Hospital Italiano de Buenos Aires,1.0,Ciudad Autónoma de BuenosAires,Ciudad Autónoma de BuenosAires,1.0,Buenos Aires,Buenos Aires,1.0,"Servicio De Psiquiatrica, Gascon 450, Capital Federal",Juan D. Peron 4190,0.0,C1181ACH,C1181ACH,1.0,4.0
1168,1168,Hospital Italiano de Buenos Aires,Hospital Italiano de Buenos Aires,1.0,Ciudad Autónoma de BuenosAires,Ciudad Autónoma de BuenosAires,1.0,Ciudad Autonoma de Buenos Aires,Ciudad Autonoma de Buenos Aires,1.0,Tte. General Juan Domingo Perón 4190,Tte. General Juan Domingo Perón 4190,3.0,C1181ACH,C1181ACH,1.0,7.0
1169,1168,Hospital Italiano de Buenos Aires,Hospital Italiano de Buenos Aires,1.0,Ciudad Autónoma de BuenosAires,Ciudad Autónoma de BuenosAires,1.0,Ciudad Autonoma de Buenos Aires,Ciudad Autonoma de Buenos Aires,1.0,Tte. General Juan Domingo Perón 4190,Tte. General Juan Domingo Perón 4190,3.0,C1181ACH,C1181ACH,1.0,7.0
1170,1168,Hospital Italiano de Buenos Aires,Hospital Italiano de Buenos Aires,1.0,Ciudad Autónoma de BuenosAires,Ciudad Autónoma de BuenosAires,1.0,Ciudad Autonoma de Buenos Aires,Ciudad Autonoma de Buenos Aires,1.0,Tte. General Juan Domingo Perón 4190,Tte. General Juan Domingo Perón 4190,3.0,C1181ACH,C1181ACH,1.0,7.0
1171,1160,Hospital Italiano de Buenos Aires,Hospital Italiano de Buenos Aires,1.0,,Ciudad Autónoma de BuenosAires,0.0,Ciudad Autonoma de Buenos Aires,Buenos Aires,0.0,Juan D Pern 4190,Juan D. Peron 4190,3.0,C1181ACH,C1181ACH,1.0,5.0
1172,1172,Hospital Italiano de Buenos Aires,Hospital Italiano de Buenos Aires,1.0,Buenos Aires,Buenos Aires,1.0,Buenos Aires,Buenos Aires,1.0,Juan Domingo Perón 4190,Juan Domingo Perón 4190,3.0,C1199ABB,C1199ABB,1.0,7.0
1173,1173,Hospital Italiano de Buenos Aires,Hospital Italiano de Buenos Aires,1.0,Ciudad Autónoma de BuenosAires,Ciudad Autónoma de BuenosAires,1.0,Buenos Aires,Buenos Aires,1.0,Potosi 4215,Potosi 4215,3.0,C1199ACK,C1199ACK,1.0,7.0
1174,1104,Hospital Español,Fundación Favaloro,0.0,Ciudad Autónoma de BuenosAires,Ciudad Autónoma de BuenosAires,1.0,Buenos Aires,Buenos Aires,1.0,Avenida Belgrano 2975,Avenida Belgrano 1746,3.0,C1209AAB,C1093AAS,0.0,5.0
1175,1175,Hospital General de Agudo Jose Maria Ramos Mejia,Hospital General de Agudo Jose Maria Ramos Mejia,1.0,BUENOS AIRES,BUENOS AIRES,1.0,Buenos Aires,Buenos Aires,1.0,Urquiza 609,Urquiza 609,3.0,C1221ADC,C1221ADC,1.0,7.0
1176,1176,Hospital General de Agudos Dr. Jose Maria Ramos Mejia,Hospital General de Agudos Dr. Jose Maria Ramos Mejia,1.0,Ciudad Autónoma de BuenosAires,Ciudad Autónoma de BuenosAires,1.0,Buenos Aires,Buenos Aires,1.0,Urquiza 609,Urquiza 609,3.0,C1221ADC,C1221ADC,1.0,7.0
1177,1176,Hospital General de Agudos Dr. Jose Maria Ramos Mejia,Hospital General de Agudos Dr. Jose Maria Ramos Mejia,1.0,Ciudad Autónoma de BuenosAires,Ciudad Autónoma de BuenosAires,1.0,Buenos Aires,Buenos Aires,1.0,Urquiza 609,Urquiza 609,3.0,C1221ADC,C1221ADC,1.0,7.0
1178,1178,Hospital de Pediatría S.A.M.I.C.- Prof. Dr. Juan P. Garrahan,Hospital de Pediatría S.A.M.I.C.- Prof. Dr. Juan P. Garrahan,1.0,Ciudad Autónoma de BuenosAires,Ciudad Autónoma de BuenosAires,1.0,Buenos Aires,Buenos Aires,1.0,Combate De Los Pozos 1881,Combate De Los Pozos 1881,3.0,C1245AAM,C1245AAM,1.0,7.0
1179,1179,Hospital Materno Infantil Ramón Sardá,Hospital Materno Infantil Ramón Sardá,1.0,Ciudad Autónoma de BuenosAires,Ciudad Autónoma de BuenosAires,1.0,Buenos Aires,Buenos Aires,1.0,Esteban De Luca 2151,Esteban De Luca 2151,3.0,C1246ABQ,C1246ABQ,1.0,7.0
1180,1179,Hospital Materno Infantil Ramón Sardá,Hospital Materno Infantil Ramón Sardá,1.0,Ciudad Autónoma de BuenosAires,Ciudad Autónoma de BuenosAires,1.0,Buenos Aires,Buenos Aires,1.0,Esteban De Luca 2151,Esteban De Luca 2151,3.0,C1246ABQ,C1246ABQ,1.0,7.0
1181,1181,Hospital de Gastroenterología Dr Bonorino Udaondo,Hospital de Gastroenterología Dr Bonorino Udaondo,1.0,Ciudad Autónoma de BuenosAires,Ciudad Autónoma de BuenosAires,1.0,Buenos Aires,Buenos Aires,1.0,Avenida Caseros 2061,Avenida Caseros 2061,3.0,C1264AAA,C1264AAA,1.0,7.0
1182,1181,Hospital de Gastroenterología Dr Bonorino Udaondo,Hospital de Gastroenterología Dr Bonorino Udaondo,1.0,Ciudad Autónoma de BuenosAires,Ciudad Autónoma de BuenosAires,1.0,Buenos Aires,Buenos Aires,1.0,Avenida Caseros 2061,Avenida Caseros 2061,3.0,C1264AAA,C1264AAA,1.0,7.0
1183,1183,Hospital General de Ninos Dr. Pedro de Elizalde,Hospital General de Ninos Dr. Pedro de Elizalde,1.0,Ciudad Autónoma de BuenosAires,Ciudad Autónoma de BuenosAires,1.0,Buenos Aires,Buenos Aires,1.0,Av. Montes de Oca 40,Av. Montes de Oca 40,3.0,C1270AAN,C1270AAN,1.0,7.0
1184,1183,Hospital General de Ninos Dr. Pedro de Elizalde,Hospital General de Ninos Dr. Pedro de Elizalde,1.0,Ciudad Autónoma de BuenosAires,Ciudad Autónoma de BuenosAires,1.0,Buenos Aires,Buenos Aires,1.0,"Montes De Oca 40 Subsuelo, Sector Docencia East Investigación",Av. Montes de Oca 40,0.0,C1270AAN,C1270AAN,1.0,4.0
1185,1010,Hospital Britanico de Buenos Aires,Hospital Britanico de Buenos Aires,1.0,Buenos Aires,Ciudad Autonoma Buenos Aires,0.0,Ciudad Autónoma de BuenosAires,Ciudad Autonoma Buenos Aires,0.0,Perdriel 74,Perdriel 74,3.0,C1280AEB,1280,0.0,4.0
1186,1010,Hospital Britanico de Buenos Aires,Hospital Britanico de Buenos Aires,1.0,Buenos Aires,Ciudad Autonoma Buenos Aires,1.0,Ciudad Autónoma de BuenosAires,Ciudad Autonoma Buenos Aires,1.0,Perdriel 74,Perdriel 74,3.0,C1280AEB,1280,1.0,7.0
1187,1010,Hospital Britanico de Buenos Aires,Hospital Britanico de Buenos Aires,1.0,Ciudad Autónoma de BuenosAires,Ciudad Autonoma Buenos Aires,0.0,Buenos Aires,Ciudad Autonoma Buenos Aires,0.0,Perdriel 74,Perdriel 74,3.0,C1280AEB,1280,1.0,5.0
1188,1010,Hospital Británico de Buenos Aires,Hospital Britanico de Buenos Aires,1.0,Buenos Aires,Ciudad Autonoma Buenos Aires,1.0,Buenos Aires,Ciudad Autonoma Buenos Aires,0.0,Perdriel 74,Perdriel 74,3.0,C1280AEB,1280,1.0,6.0
1189,1010,Hospital Británico de Buenos Aires,Hospital Britanico de Buenos Aires,1.0,Ciudad Autónoma de BuenosAires,Ciudad Autonoma Buenos Aires,1.0,Buenos Aires,Ciudad Autonoma Buenos Aires,1.0,Calle Perdriel 74,Perdriel 74,0.0,C1280AEB,1280,1.0,4.0
1190,1010,Hospital Británico de Buenos Aires,Hospital Britanico de Buenos Aires,1.0,Ciudad Autónoma de BuenosAires,Ciudad Autonoma Buenos Aires,1.0,Buenos Aires,Ciudad Autonoma Buenos Aires,1.0,Pedriel 74,Perdriel 74,3.0,C1280AEB,1280,1.0,7.0
1191,1010,Hospital Británico de Buenos Aires,Hospital Britanico de Buenos Aires,1.0,Ciudad Autónoma de BuenosAires,Ciudad Autonoma Buenos Aires,1.0,Buenos Aires,Ciudad Autonoma Buenos Aires,1.0,Pedriel 74,Perdriel 74,3.0,C1280AEB,1280,1.0,7.0
1192,1010,Hospital Británico de Buenos Aires,Hospital Britanico de Buenos Aires,1.0,Ciudad Autónoma de BuenosAires,Ciudad Autonoma Buenos Aires,1.0,Buenos Aires,Ciudad Autonoma Buenos Aires,1.0,Pedriel 74,Perdriel 74,3.0,C1280AEB,1280,1.0,7.0
1193,1010,Hospital Británico de Buenos Aires,Hospital Britanico de Buenos Aires,1.0,Ciudad Autónoma de BuenosAires,Ciudad Autonoma Buenos Aires,1.0,Buenos Aires,Ciudad Autonoma Buenos Aires,1.0,Perdriel 74,Perdriel 74,3.0,C1280AEB,1280,1.0,7.0
1194,1194,Hospital General de Agudos Carlos G. Durand,Hospital General de Agudos Carlos G. Durand,1.0,Buenos Aires,Buenos Aires,1.0,Buenos Aires,Buenos Aires,1.0,Avenida Gral. Díaz Velez 5044,Avenida Gral. Díaz Velez 5044,3.0,C1405DCS,C1405DCS,1.0,7.0
1195,1194,Hospital General de Agudos Carlos G. Durand,Hospital General de Agudos Carlos G. Durand,1.0,Ciudad Autónoma de BuenosAires,Buenos Aires,0.0,Buenos Aires,Buenos Aires,1.0,Avenida Díaz Velez 5044,Avenida Gral. Díaz Velez 5044,3.0,C1405DCS,C1405DCS,1.0,6.0
1196,1194,Hospital General de Agudos Carlos G. Durand,Hospital General de Agudos Carlos G. Durand,1.0,Ciudad Autónoma de BuenosAires,Buenos Aires,1.0,Buenos Aires,Buenos Aires,1.0,Avenida Díaz Velez 5044,Avenida Gral. Díaz Velez 5044,3.0,C1405DCS,C1405DCS,1.0,7.0
1197,1194,Hospital General de Agudos Carlos G. Durand,Hospital General de Agudos Carlos G. Durand,1.0,Ciudad Autónoma de BuenosAires,Buenos Aires,1.0,Buenos Aires,Buenos Aires,1.0,Avenida Díaz Velez 5044,Avenida Gral. Díaz Velez 5044,3.0,C1405DCS,C1405DCS,1.0,7.0
1198,1198,Instituto de Oncologia Angel Roffo,Instituto de Oncologia Angel Roffo,1.0,Ciudad Autonoma Buenos Aires,Ciudad Autonoma Buenos Aires,1.0,Ciudad Autonoma Buenos Aires,Ciudad Autonoma Buenos Aires,1.0,Av. San Martin 5481,Av. San Martin 5481,3.0,C1417DTB,C1417DTB,1.0,7.0
1199,1199,Hospital Juan A Fernandez,Hospital Juan A Fernandez,1.0,Buenos Aires,Buenos Aires,1.0,Buenos Aires,Buenos Aires,1.0,Cerviño 3356,Cerviño 3356,3.0,C1425AGP,C1425AGP,1.0,7.0
1200,1199,Hospital Juan A Fernandez,Hospital Juan A Fernandez,1.0,Ciudad Autónoma de BuenosAires,Buenos Aires,0.0,Buenos Aires,Buenos Aires,1.0,"Cerviño, 3356",Cerviño 3356,3.0,C1425AGP,C1425AGP,1.0,6.0
1201,1201,Sanatorio de La Trinidad,Sanatorio de La Trinidad,1.0,Ciudad Autónoma de BuenosAires,Ciudad Autónoma de BuenosAires,1.0,Buenos Aires,Buenos Aires,1.0,Cerviño 4720,Cerviño 4720,3.0,C1425AIN,C1425AIN,1.0,7.0
1202,1202,Academia Nacional de Medicina,Academia Nacional de Medicina,1.0,Buenos Aires,Buenos Aires,1.0,Buenos Aires,Buenos Aires,1.0,José Andrés Pacheco de Melo 3081,José Andrés Pacheco de Melo 3081,3.0,C1425AUM,C1425AUM,1.0,7.0
1203,1202,Academia Nacional de Medicina,Academia Nacional de Medicina,1.0,Ciudad Autonoma Buenos Aires,Buenos Aires,0.0,Ciudad Autonoma Buenos Aires,Buenos Aires,0.0,J. A. Pacheco de Melo 3081,José Andrés Pacheco de Melo 3081,3.0,C1425AUM,C1425AUM,1.0,5.0
1204,1202,Academia Nacional de Medicina,Academia Nacional de Medicina,1.0,Ciudad Autónoma de BuenosAires,Buenos Aires,0.0,Buenos Aires,Buenos Aires,1.0,J A Pacheco De Melo 3081,José Andrés Pacheco de Melo 3081,3.0,C1425AUM,C1425AUM,1.0,6.0
1205,1202,Instituto de Investigaciones Hematologicas Mariano Castex,Academia Nacional de Medicina,0.0,Buenos Aires,Buenos Aires,1.0,Buenos Aires,Buenos Aires,1.0,José Andrés Pacheco de Melo 3081,José Andrés Pacheco de Melo 3081,3.0,C1425AUM,C1425AUM,1.0,6.0
1206,1202,Instituto de Investigaciones Hematologicas Mariano Castex,Academia Nacional de Medicina,0.0,Ciudad Autónoma de BuenosAires,Buenos Aires,1.0,Buenos Aires,Buenos Aires,1.0,J A Pacheco De Melo 3081,José Andrés Pacheco de Melo 3081,3.0,C1425AUM,C1425AUM,1.0,6.0
1207,1207,Instituto William Osler Patologías Especiales S. A.,Instituto William Osler Patologías Especiales S. A.,1.0,Buenos Aires,Buenos Aires,1.0,Ciudad Autónoma de Buenos Aires,Ciudad Autónoma de Buenos Aires,1.0,Paraguay 2935,Paraguay 2935,3.0,C1425BRI,C1425BRI,1.0,7.0
1208,1208,"Centro de Educación Médica e Investigaciones Clínicas ""Norberto Quirno"" (CEMIC)","Centro de Educación Médica e Investigaciones Clínicas ""Norberto Quirno"" (CEMIC)",1.0,Ciudad Autónoma de BuenosAires,Ciudad Autónoma de BuenosAires,1.0,Buenos Aires,Buenos Aires,1.0,Coronel Diaz 2423,Coronel Diaz 2423,3.0,C1425DQK,C1425DQK,1.0,7.0
1209,1208,"Centro de Educación Médica e Investigaciones Clínicas ""Norberto Quirno"" (CEMIC)","Centro de Educación Médica e Investigaciones Clínicas ""Norberto Quirno"" (CEMIC)",1.0,Ciudad Autónoma de BuenosAires,Ciudad Autónoma de BuenosAires,1.0,Buenos Aires,Buenos Aires,1.0,Coronel Diaz 2423,Coronel Diaz 2423,3.0,C1425DQK,C1425DQK,1.0,7.0
1210,1208,"Centro de Educación Médica e Investigaciones Clínicas ""Norberto Quirno"" (CEMIC)","Centro de Educación Médica e Investigaciones Clínicas ""Norberto Quirno"" (CEMIC)",1.0,Ciudad Autónoma de BuenosAires,Ciudad Autónoma de BuenosAires,1.0,Buenos Aires,Buenos Aires,1.0,Coronel Diaz 2423,Coronel Diaz 2423,3.0,C1425DQK,C1425DQK,1.0,7.0
1211,1208,"Centro de Educación Médica e Investigaciones Clínicas ""Norberto Quirno"" (CEMIC)","Centro de Educación Médica e Investigaciones Clínicas ""Norberto Quirno"" (CEMIC)",1.0,Ciudad Autónoma de BuenosAires,Ciudad Autónoma de BuenosAires,1.0,Buenos Aires,Buenos Aires,1.0,Coronel Diaz 2423,Coronel Diaz 2423,3.0,C1425DQK,C1425DQK,1.0,7.0
1212,1208,"Centro de Educación Médica e Investigaciones Clínicas ""Norberto Quirno"" (CEMIC)","Centro de Educación Médica e Investigaciones Clínicas ""Norberto Quirno"" (CEMIC)",1.0,Ciudad Autónoma de BuenosAires,Ciudad Autónoma de BuenosAires,1.0,Buenos Aires,Buenos Aires,1.0,Coronel Diaz 2423,Coronel Diaz 2423,3.0,C1425DQK,C1425DQK,1.0,7.0
1213,1208,"Centro de Educación Médica e Investigaciones Clínicas ""Norberto Quirno"" (CEMIC)","Centro de Educación Médica e Investigaciones Clínicas ""Norberto Quirno"" (CEMIC)",1.0,Ciudad Autónoma de BuenosAires,Ciudad Autónoma de BuenosAires,1.0,Buenos Aires,Buenos Aires,1.0,Coronel Diaz 2423,Coronel Diaz 2423,3.0,C1425DQK,C1425DQK,1.0,7.0
1214,1208,"Centro de Educación Médica e Investigaciones Clínicas ""Norberto Quirno"" (CEMIC)","Centro de Educación Médica e Investigaciones Clínicas ""Norberto Quirno"" (CEMIC)",1.0,Ciudad Autónoma de BuenosAires,Ciudad Autónoma de BuenosAires,1.0,Buenos Aires,Buenos Aires,1.0,Coronel Diaz 2423,Coronel Diaz 2423,3.0,C1425DQK,C1425DQK,1.0,7.0
1215,1215,Hospital de Ninos Ricardo Gutierrez,Hospital de Ninos Ricardo Gutierrez,1.0,Ciudad Autónoma de BuenosAires,Ciudad Autónoma de BuenosAires,1.0,Buenos Aires,Buenos Aires,1.0,Gallo 1330,Gallo 1330,3.0,C1425EFD,C1425EFD,1.0,7.0
1216,1216,Fundación para el estudio de enfermedades Neurometabólicas-FESEN,Fundación para el estudio de enfermedades Neurometabólicas-FESEN,1.0,Ciudad Autónoma de BuenosAires,Ciudad Autónoma de BuenosAires,1.0,Buenos Aires,Buenos Aires,1.0,Uriarte 2383,Uriarte 2383,3.0,C1425FNG,C1425FNG,1.0,7.0
1217,1217,Centro Médico Dra de Salvo - PPDS,Centro Médico Dra de Salvo - PPDS,1.0,Buenos Aires,Buenos Aires,1.0,Ciudad autónoma de Buenos Aires,Ciudad autónoma de Buenos Aires,1.0,Avenida Cabildo 1548,Avenida Cabildo 1548,3.0,C1426ABP,C1426ABP,1.0,7.0
1218,1217,Centro Médico Dra de Salvo - PPDS,Centro Médico Dra de Salvo - PPDS,1.0,Buenos Aires,Buenos Aires,1.0,Ciudad autónoma de Buenos Aires,Ciudad autónoma de Buenos Aires,1.0,Avenida Cabildo 1548,Avenida Cabildo 1548,3.0,C1426ABP,C1426ABP,1.0,7.0
1219,1217,Centro Médico Dra de Salvo - PPDS,Centro Médico Dra de Salvo - PPDS,1.0,Buenos Aires,Buenos Aires,1.0,Ciudad autónoma de Buenos Aires,Ciudad autónoma de Buenos Aires,1.0,Avenida Cabildo 1548,Avenida Cabildo 1548,3.0,C1426ABP,C1426ABP,1.0,7.0
1220,1217,Centro Médico Dra de Salvo - PPDS,Centro Médico Dra de Salvo - PPDS,1.0,Buenos Aires,Buenos Aires,1.0,Ciudad autónoma de Buenos Aires,Ciudad autónoma de Buenos Aires,1.0,Avenida Cabildo 1548,Avenida Cabildo 1548,3.0,C1426ABP,C1426ABP,1.0,7.0
1221,1217,Centro Médico Dra de Salvo - PPDS,Centro Médico Dra de Salvo - PPDS,1.0,Ciudad Autónoma de BuenosAires,Buenos Aires,0.0,Ciudad Autónoma de Buenos Aires,Ciudad autónoma de Buenos Aires,1.0,Avenida Cabildo 1548,Avenida Cabildo 1548,3.0,C1426ABP,C1426ABP,1.0,6.0
1222,1217,Centro Médico Dra de Salvo - PPDS,Centro Médico Dra de Salvo - PPDS,1.0,Ciudad Autónoma de BuenosAires,Buenos Aires,1.0,Ciudad Autónoma de Buenos Aires,Ciudad autónoma de Buenos Aires,1.0,Avenida Cabildo 1548,Avenida Cabildo 1548,3.0,C1426ABP,C1426ABP,1.0,7.0
1223,1223,Instituto Alexander Fleming,Instituto Alexander Fleming,1.0,Ciudad Autonoma Buenos Aires,Ciudad Autonoma Buenos Aires,1.0,Ciudad Autonoma Buenos Aires,Ciudad Autonoma Buenos Aires,1.0,Cramer 1180,Cramer 1180,3.0,C1426ANZ,C1426ANZ,1.0,7.0
1224,1224,Instituto Alexander Fleming,Instituto Alexander Fleming,1.0,,,1.0,Cuidad Autonoma de Buenos Aires,Cuidad Autonoma de Buenos Aires,1.0,Avenida Crmer 1180,Avenida Crmer 1180,3.0,C1426ANZ,C1426ANZ,1.0,7.0
1225,1225,Instituto Médico Especializado Alexander Fleming,Instituto Médico Especializado Alexander Fleming,1.0,Ciudad Autónoma de BuenosAires,Ciudad Autónoma de BuenosAires,1.0,Buenos Aires,Buenos Aires,1.0,Avenida Crámer 1180,Avenida Crámer 1180,3.0,C1426ANZ,C1426ANZ,1.0,7.0
1226,1225,Instituto Médico Especializado Alexander Fleming,Instituto Médico Especializado Alexander Fleming,1.0,Ciudad Autónoma de BuenosAires,Ciudad Autónoma de BuenosAires,1.0,Buenos Aires,Buenos Aires,1.0,Avenida Crámer 1180,Avenida Crámer 1180,3.0,C1426ANZ,C1426ANZ,1.0,7.0
1227,1227,Instituto Médico Especializado Alexander Fleming,Instituto Médico Especializado Alexander Fleming,1.0,Ciudad Autónoma de BuenosAires,Ciudad Autónoma de BuenosAires,1.0,Buenos Aires,Buenos Aires,1.0,Cramer 1180,Cramer 1180,3.0,C1426ANZ,C1426ANZ,1.0,7.0
1228,1227,Instituto Médico Especializado Alexander Fleming,Instituto Médico Especializado Alexander Fleming,1.0,Ciudad Autónoma de BuenosAires,Ciudad Autónoma de BuenosAires,1.0,Buenos Aires,Buenos Aires,1.0,Cramer 1180,Cramer 1180,3.0,C1426ANZ,C1426ANZ,1.0,7.0
1229,1227,Instituto Médico Especializado Alexander Fleming,Instituto Médico Especializado Alexander Fleming,1.0,Ciudad Autónoma de BuenosAires,Ciudad Autónoma de BuenosAires,1.0,Buenos Aires,Buenos Aires,1.0,Cramer 1180,Cramer 1180,3.0,C1426ANZ,C1426ANZ,1.0,7.0
1230,1225,Instituto Médico Especializado SRL,Instituto Médico Especializado Alexander Fleming,0.0,Ciudad Autónoma de BuenosAires,Ciudad Autónoma de BuenosAires,1.0,Buenos Aires,Buenos Aires,1.0,Avenida Crámer 1180,Avenida Crámer 1180,3.0,C1426ANZ,C1426ANZ,1.0,6.0
1231,1231,Universidad de Buenos Aires - Instituto de Investigaciones Medicas Alfredo Lanari,Universidad de Buenos Aires - Instituto de Investigaciones Medicas Alfredo Lanari,1.0,Ciudad Autónoma de BuenosAires,Ciudad Autónoma de BuenosAires,1.0,Buenos Aires,Buenos Aires,1.0,Avenida Combtes De Malvinas 3150,Avenida Combtes De Malvinas 3150,3.0,C1427ARO,C1427ARO,1.0,7.0
1232,1231,Universidad de Buenos Aires - Instituto de Investigaciones Medicas Alfredo Lanari,Universidad de Buenos Aires - Instituto de Investigaciones Medicas Alfredo Lanari,1.0,Ciudad Autónoma de BuenosAires,Ciudad Autónoma de BuenosAires,1.0,Buenos Aires,Buenos Aires,1.0,Avenida Combtes De Malvinas 3150,Avenida Combtes De Malvinas 3150,3.0,C1427ARO,C1427ARO,1.0,7.0
1233,1231,Universidad de Buenos Aires - Instituto de Investigaciones Medicas Alfredo Lanari,Universidad de Buenos Aires - Instituto de Investigaciones Medicas Alfredo Lanari,1.0,Ciudad Autónoma de BuenosAires,Ciudad Autónoma de BuenosAires,1.0,Buenos Aires,Buenos Aires,1.0,Avenida Combtes De Malvinas 3150,Avenida Combtes De Malvinas 3150,3.0,C1427ARO,C1427ARO,1.0,7.0
1234,1234,"Instituto de Investigaciones Neurologicas Raul Carrea, FLENI","Instituto de Investigaciones Neurologicas Raul Carrea, FLENI",1.0,Ciudad Autonoma Buenos Aires,Ciudad Autonoma Buenos Aires,1.0,Ciudad Autonoma Buenos Aires,Ciudad Autonoma Buenos Aires,1.0,Montañeses 2325Sede Belgrano,Montañeses 2325Sede Belgrano,3.0,C1428AQK,C1428AQK,1.0,7.0
1235,1234,"Instituto de Investigaciones Neurologicas Raul Carrea, FLENI","Instituto de Investigaciones Neurologicas Raul Carrea, FLENI",1.0,Ciudad Autonoma Buenos Aires,Ciudad Autonoma Buenos Aires,1.0,Ciudad Autonoma Buenos Aires,Ciudad Autonoma Buenos Aires,1.0,Montañeses 2325Sede Belgrano,Montañeses 2325Sede Belgrano,3.0,C1428AQK,C1428AQK,1.0,7.0
1236,1236,Clinica Adventista Belgrano,Clinica Adventista Belgrano,1.0,Ciudad Autonoma Buenos Aires,Ciudad Autonoma Buenos Aires,1.0,Ciudad Autonoma Buenos Aires,Ciudad Autonoma Buenos Aires,1.0,Estomba 1710,Estomba 1710,3.0,C1430EGF,C1430EGF,1.0,7.0
1237,1237,"Centro de Educación Médica e Investigaciones Clínicas ""Norberto Quirno"" (CEMIC)","Centro de Educación Médica e Investigaciones Clínicas ""Norberto Quirno"" (CEMIC)",1.0,Buenos Aires,Buenos Aires,1.0,CABA,CABA,1.0,Elías Galván 4102,Elías Galván 4102,3.0,C1430FWO,C1430FWO,1.0,7.0
1238,1238,"Centro de Educación Médica e Investigaciones Clínicas ""Norberto Quirno"" (CEMIC)","Centro de Educación Médica e Investigaciones Clínicas ""Norberto Quirno"" (CEMIC)",1.0,Buenos Aires,Buenos Aires,1.0,Buenos Aires,Buenos Aires,1.0,Avenida Galvan 4102,Avenida Galvan 4102,3.0,C1431FWO,C1431FWO,1.0,7.0
1239,1237,"Centro de Educación Médica e Investigaciones Clínicas ""Norberto Quirno"" (CEMIC)","Centro de Educación Médica e Investigaciones Clínicas ""Norberto Quirno"" (CEMIC)",1.0,Buenos Aires,Buenos Aires,1.0,Buenos Aires,CABA,0.0,Elías Galván 4102,Elías Galván 4102,3.0,C1431FWO,C1430FWO,1.0,6.0
1240,1238,"Centro de Educación Médica e Investigaciones Clínicas ""Norberto Quirno"" (CEMIC)","Centro de Educación Médica e Investigaciones Clínicas ""Norberto Quirno"" (CEMIC)",1.0,Ciudad Autónoma de BuenosAires,Buenos Aires,0.0,Buenos Aires,Buenos Aires,1.0,Avenida Galvan 4102,Avenida Galvan 4102,3.0,C1431FWO,C1431FWO,1.0,6.0
1241,1237,Centro de Educación Médica e investigaciones Clínicas Norberto Quirno,"Centro de Educación Médica e Investigaciones Clínicas ""Norberto Quirno"" (CEMIC)",1.0,Buenos Aires,Buenos Aires,1.0,Buenos Aires,CABA,1.0,Elías Galván 4102,Elías Galván 4102,3.0,C1431FWO,C1430FWO,1.0,7.0
1242,1238,Centro de Educación Médica e investigaciones Clínicas Norberto Quirno,"Centro de Educación Médica e Investigaciones Clínicas ""Norberto Quirno"" (CEMIC)",1.0,Buenos Aires,Buenos Aires,1.0,Buenos Aires,Buenos Aires,1.0,Elías Galván 4102Hematology,Avenida Galvan 4102,0.0,C1431FWO,C1431FWO,1.0,4.0
1243,1237,Centro de Educación Médica e investigaciones Clínicas Norberto Quirno,"Centro de Educación Médica e Investigaciones Clínicas ""Norberto Quirno"" (CEMIC)",1.0,Buenos Aires,Buenos Aires,1.0,Buenos Aires,CABA,1.0,Elías Galván 4102,Elías Galván 4102,3.0,C1431FWO,C1430FWO,1.0,7.0
1244,1244,Hospital General de Agudos Dr Teodoro Alvarez,Hospital General de Agudos Dr Teodoro Alvarez,1.0,Ciudad Autónoma de BuenosAires,Ciudad Autónoma de BuenosAires,1.0,Buenos Aires,Buenos Aires,1.0,Profesor Dr. Pedro Chutro 3380,Profesor Dr. Pedro Chutro 3380,3.0,C1437IYP,C1437IYP,1.0,7.0
1245,1245,Churruca Htal,Churruca Htal,1.0,Ciudad Autónoma de BuenosAires,Ciudad Autónoma de BuenosAires,1.0,Buenos Aires,Buenos Aires,1.0,Uspallata 3400,Uspallata 3400,3.0,C1437JCH,C1437JCH,1.0,7.0
1246,1246,Centro Oncologico Riojano Integral,Centro Oncologico Riojano Integral,1.0,LA RIOJA,LA RIOJA,1.0,La Rioja,La Rioja,1.0,Dorrego 269,Dorrego 269,3.0,F5300COE,F5300COE,1.0,7.0
1247,1246,Centro Oncologico Riojano Integral (cori),Centro Oncologico Riojano Integral,1.0,La Rioja,LA RIOJA,1.0,La Rioja,La Rioja,1.0,Dorrego 269,Dorrego 269,3.0,F5300COE,F5300COE,1.0,7.0
1248,1248,Centro Mayo de Onco hematologia y Hemoterapia,Centro Mayo de Onco hematologia y Hemoterapia,1.0,Santiago del Estero,Santiago del Estero,1.0,Santiago del Estero,Santiago del Estero,1.0,25 de Mayo 425,25 de Mayo 425,3.0,G4200AWI,G4200AWI,1.0,7.0
1249,1006,Hospital Universitario Austral,Hospital Universitario Austral,1.0,Buenos Aires,Buenos Aires,1.0,Pilar,Buenos Aires,0.0,Avenida J.D. perón 1500,Avenida Juan D. Peron 1500,3.0,G4230XAI,01629,0.0,5.0
1250,1250,Sanatorio Pasteur,Sanatorio Pasteur,1.0,Córdoba,Córdoba,1.0,Catamarca,Catamarca,1.0,Chacabuco 675,Chacabuco 675,3.0,K4703AFI,K4703AFI,1.0,7.0
1251,1251,Centro de Investigación Clínica – Clínica Viedma,Centro de Investigación Clínica – Clínica Viedma,1.0,Río Negro,Río Negro,1.0,Viedma,Viedma,1.0,Sarmiento 253Oncology Department,Sarmiento 253Oncology Department,3.0,R8500ACE,R8500ACE,1.0,7.0
1252,1252,Instituto CAICI,Instituto CAICI,1.0,Santa Fe,Santa Fe,1.0,Rosario,Rosario,1.0,Mendoza 2612,Mendoza 2612,3.0,S2000 PBJ,S2000 PBJ,1.0,7.0
1253,1253,Centro de Gastroenterología,Centro de Gastroenterología,1.0,Santa Fe,Santa Fe,1.0,Rosario,Rosario,1.0,Tucumán 1813,Tucumán 1813,3.0,S2000AMS,S2000AMS,1.0,7.0
1254,1253,Centro de Gastroenterología,Centro de Gastroenterología,1.0,Santa Fe,Santa Fe,1.0,Rosario,Rosario,1.0,Tucumán 1813,Tucumán 1813,3.0,S2000AMS,S2000AMS,1.0,7.0
1255,1253,Centro de Gastroenterología,Centro de Gastroenterología,1.0,Santa Fe,Santa Fe,1.0,Rosario,Rosario,1.0,Tucumán 1813,Tucumán 1813,3.0,S2000AMS,S2000AMS,1.0,7.0
1256,1253,Centro de Gastroenterología,Centro de Gastroenterología,1.0,Santa Fe,Santa Fe,1.0,Rosario,Rosario,1.0,Tucumán 1813,Tucumán 1813,3.0,S2000AMS,S2000AMS,1.0,7.0
1257,1253,Centro de Gastroenterología,Centro de Gastroenterología,1.0,Santa Fe,Santa Fe,1.0,Rosario,Rosario,1.0,Tucumán 1813,Tucumán 1813,3.0,S2000AMS,S2000AMS,1.0,7.0
1258,1253,Centro de Gastroenterología,Centro de Gastroenterología,1.0,Santa Fe,Santa Fe,1.0,Rosario,Rosario,1.0,Tucumán 1813,Tucumán 1813,3.0,S2000AMS,S2000AMS,1.0,7.0
1259,1253,Centro de Gastroenterología,Centro de Gastroenterología,1.0,Santa Fe,Santa Fe,1.0,Rosario,Rosario,1.0,Tucumán 1813,Tucumán 1813,3.0,S2000AMS,S2000AMS,1.0,7.0
1260,1260,Sanatorio Britanico de Rosario,Sanatorio Britanico de Rosario,1.0,Santa Fe,Santa Fe,1.0,Rosario,Rosario,1.0,Paraguay 40,Paraguay 40,3.0,S2000CVB,S2000CVB,1.0,7.0
1261,1260,Sanatorio Britanico de Rosario,Sanatorio Britanico de Rosario,1.0,Santa Fe,Santa Fe,1.0,Rosario,Rosario,1.0,Paraguay 40Clínica Hematológica Dr. Cerutti,Paraguay 40,0.0,S2000CVB,S2000CVB,1.0,4.0
1262,1260,Sanatorio Britanico de Rosario,Sanatorio Britanico de Rosario,1.0,Santa Fe,Santa Fe,1.0,Rosario,Rosario,1.0,Paraguay 40Clínica Hematológica Dr. Cerutti,Paraguay 40,3.0,S2000CVB,S2000CVB,1.0,7.0
1263,1260,Sanatorio Britanico de Rosario,Sanatorio Britanico de Rosario,1.0,Santa Fe,Santa Fe,1.0,Rosario,Rosario,1.0,Paraguay 40Clínica Hematológica Dr. Cerutti,Paraguay 40,3.0,S2000CVB,S2000CVB,1.0,7.0
1264,1264,Sanatorio Parque de Rosario,Sanatorio Parque de Rosario,1.0,Santa Fe,Santa Fe,1.0,Rosario,Rosario,1.0,Boulevard Oroño 860,Boulevard Oroño 860,3.0,S2000DSV,S2000DSV,1.0,7.0
1265,1264,Sanatorio Parque de Rosario,Sanatorio Parque de Rosario,1.0,Santa Fe,Santa Fe,1.0,Rosario,Rosario,1.0,Boulevard Oroño 860,Boulevard Oroño 860,3.0,S2000DSV,S2000DSV,1.0,7.0
1266,1264,Sanatorio Parque de Rosario,Sanatorio Parque de Rosario,1.0,Santa Fe,Santa Fe,1.0,Rosario,Rosario,1.0,Boulevard Oroño 860,Boulevard Oroño 860,3.0,S2000DSV,S2000DSV,1.0,7.0
1267,1264,Sanatorio Parque de Rosario,Sanatorio Parque de Rosario,1.0,Santa Fe,Santa Fe,1.0,Rosario,Rosario,1.0,Boulevard Oroño 860,Boulevard Oroño 860,3.0,S2000DSV,S2000DSV,1.0,7.0
1268,1264,Sanatorio Parque de Rosario,Sanatorio Parque de Rosario,1.0,Santa Fe,Santa Fe,1.0,Rosario,Rosario,1.0,Boulevard Oroño 866,Boulevard Oroño 860,3.0,S2000DSV,S2000DSV,1.0,7.0
1269,1264,Sanatorio Parque de Rosario,Sanatorio Parque de Rosario,1.0,Santa Fe,Santa Fe,1.0,Rosario,Rosario,1.0,Boulevard Oroño 866,Boulevard Oroño 860,3.0,S2000DSV,S2000DSV,1.0,7.0
1270,1264,Sanatorio Parque de Rosario,Sanatorio Parque de Rosario,1.0,Santa Fe,Santa Fe,1.0,Rosario,Rosario,1.0,Boulevard Oroño 866,Boulevard Oroño 860,3.0,S2000DSV,S2000DSV,1.0,7.0
1271,1264,Sanatorio Parque de Rosario,Sanatorio Parque de Rosario,1.0,Santa Fe,Santa Fe,1.0,Rosario,Rosario,1.0,Boulevard Oroño 866,Boulevard Oroño 860,3.0,S2000DSV,S2000DSV,1.0,7.0
1272,1264,Sanatorio Parque de Rosario,Sanatorio Parque de Rosario,1.0,Santa Fe,Santa Fe,1.0,Rosario,Rosario,1.0,Boulevard Oroño 866,Boulevard Oroño 860,3.0,S2000DSV,S2000DSV,1.0,7.0
1273,1273,Instituto Médico de la Fundación Estudios Clínicos,Instituto Médico de la Fundación Estudios Clínicos,1.0,Santa Fe,Santa Fe,1.0,Rosario,Rosario,1.0,Italia 428,Italia 428,3.0,S2000DTC,S2000DTC,1.0,7.0
1274,1273,Instituto Médico de la Fundación Estudios Clínicos,Instituto Médico de la Fundación Estudios Clínicos,1.0,Santa Fe,Santa Fe,1.0,Rosario,Rosario,1.0,Italia 428,Italia 428,3.0,S2000DTC,S2000DTC,1.0,7.0
1275,1273,Instituto Médico de la Fundación Estudios Clínicos,Instituto Médico de la Fundación Estudios Clínicos,1.0,Santa Fe,Santa Fe,1.0,Rosario,Rosario,1.0,Italia 428,Italia 428,3.0,S2000DTC,S2000DTC,1.0,7.0
1276,1273,Instituto Médico de la Fundación Estudios Clínicos,Instituto Médico de la Fundación Estudios Clínicos,1.0,Santa Fe,Santa Fe,1.0,Rosario,Rosario,1.0,Italia 428,Italia 428,3.0,S2000DTC,S2000DTC,1.0,7.0
1277,1273,Instituto Médico de la Fundación Estudios Clínicos,Instituto Médico de la Fundación Estudios Clínicos,1.0,Santa Fe,Santa Fe,1.0,Rosario,Rosario,1.0,Italia 428,Italia 428,3.0,S2000DTC,S2000DTC,1.0,7.0
1278,1273,Instituto Médico de la Fundación Estudios Clínicos,Instituto Médico de la Fundación Estudios Clínicos,1.0,Santa Fe,Santa Fe,1.0,Rosario,Rosario,1.0,Italia 428,Italia 428,3.0,S2000DTC,S2000DTC,1.0,7.0
1279,1273,Instituto Médico de la Fundación Estudios Clínicos,Instituto Médico de la Fundación Estudios Clínicos,1.0,Santa Fe,Santa Fe,1.0,Rosario,Rosario,1.0,Italia 428,Italia 428,3.0,S2000DTC,S2000DTC,1.0,7.0
1280,1280,Hospital Provincial Del Centenario,Hospital Provincial Del Centenario,1.0,Santa Fe,Santa Fe,1.0,Rosario,Rosario,1.0,Urquiza 3100,Urquiza 3100,3.0,S2000KDS,S2000KDS,1.0,7.0
1281,1280,Hospital Provincial Del Centenario,Hospital Provincial Del Centenario,1.0,Santa Fe,Santa Fe,1.0,Rosario,Rosario,1.0,Urquiza 3100,Urquiza 3100,3.0,S2000KDS,S2000KDS,1.0,7.0
1282,1282,Instituto de Oncologia Y Especialidades Medicas,Instituto de Oncologia Y Especialidades Medicas,1.0,Santa Fe,Santa Fe,1.0,Rosario,Rosario,1.0,Cordoba 2457,Cordoba 2457,3.0,S2000KZE,S2000KZE,1.0,7.0
1283,1280,Hospital Provincial del Centenario,Hospital Provincial Del Centenario,1.0,Rosario,Santa Fe,0.0,Santa Fe,Rosario,0.0,Urquiza 3101,Urquiza 3100,3.0,S2002KDS,S2000KDS,1.0,5.0
1284,1280,Hospital Provincial del Centenario,Hospital Provincial Del Centenario,1.0,Rosario,Santa Fe,1.0,Santa Fe,Rosario,1.0,Urquiza 3101,Urquiza 3100,3.0,S2002KDS,S2000KDS,1.0,7.0
1285,1280,Hospital Provincial Del Centenario,Hospital Provincial Del Centenario,1.0,Santa Fe,Santa Fe,1.0,Rosario,Rosario,1.0,Urquiza 3101,Urquiza 3100,3.0,S2002KDS,S2000KDS,1.0,7.0
1286,1286,Hospital Iturraspe,Hospital Iturraspe,1.0,Santa Fe,Santa Fe,1.0,Santa Fe,Santa Fe,1.0,Boulevard Carlos Pellegrini 3551,Boulevard Carlos Pellegrini 3551,3.0,S3000ADL,S3000ADL,1.0,7.0
1287,1286,Hospital Iturraspe,Hospital Iturraspe,1.0,Santa Fe,Santa Fe,1.0,Santa Fe,Santa Fe,1.0,Boulevard Carlos Pellegrini 3551,Boulevard Carlos Pellegrini 3551,3.0,S3000ADL,S3000ADL,1.0,7.0
1288,1288,Hospital Iturraspe,Hospital Iturraspe,1.0,Santa Fe,Santa Fe,1.0,Santa Fe,Santa Fe,1.0,Blas Parera 830-8349,Blas Parera 830-8349,3.0,S3006FTP,S3006FTP,1.0,7.0
1289,1289,Instituto de Maternidad Nuestra Señora de La Merced,Instituto de Maternidad Nuestra Señora de La Merced,1.0,Tucumán,Tucumán,1.0,San Miguel de Tucumán,San Miguel de Tucumán,1.0,Avenida Fernando Mate de Luna 1535,Avenida Fernando Mate de Luna 1535,3.0,T4000CPC,T4000CPC,1.0,7.0
1290,1289,Instituto de Maternidad Nuestra Señora de La Merced,Instituto de Maternidad Nuestra Señora de La Merced,1.0,Tucumán,Tucumán,1.0,San Miguel de Tucumán,San Miguel de Tucumán,1.0,Avenida Fernando Mate de Luna 1535,Avenida Fernando Mate de Luna 1535,3.0,T4000CPC,T4000CPC,1.0,7.0
1291,1291,Hospital de Niños de La Santisima Trinidad,Hospital de Niños de La Santisima Trinidad,1.0,Córdoba,Córdoba,1.0,Córdoba,Córdoba,1.0,"Bajada Pucara 1900, Departamento De Infectologia, Polo Hospitalario De Cordoba","Bajada Pucara 1900, Departamento De Infectologia, Polo Hospitalario De Cordoba",3.0,X5000BNB,X5000BNB,1.0,7.0
1292,1292,Centro de Investigaciones Clinicas Instituto del Corazon,Centro de Investigaciones Clinicas Instituto del Corazon,1.0,Cordoba,Cordoba,1.0,Cordoba,Cordoba,1.0,La Rioja 881,La Rioja 881,3.0,X5000EVQ,X5000EVQ,1.0,7.0
1293,1293,Clinica Universitaria Reina Fabiola,Clinica Universitaria Reina Fabiola,1.0,Córdoba,Córdoba,1.0,Córdoba,Córdoba,1.0,Oncativo 1248,Oncativo 1248,3.0,X5000FHP,X5000FHP,1.0,7.0
1294,1293,Clinica Universitaria Reina Fabiola,Clinica Universitaria Reina Fabiola,1.0,Córdoba,Córdoba,1.0,Córdoba,Córdoba,1.0,Oncativo 1248,Oncativo 1248,3.0,X5000FHP,X5000FHP,1.0,7.0
1295,1293,Clinica Universitaria Reina Fabiola,Clinica Universitaria Reina Fabiola,1.0,Córdoba,Córdoba,1.0,Córdoba,Córdoba,1.0,Oncativo 1248,Oncativo 1248,3.0,X5000FHP,X5000FHP,1.0,7.0
1296,1293,Clinica Universitaria Reina Fabiola,Clinica Universitaria Reina Fabiola,1.0,Córdoba,Córdoba,1.0,Córdoba,Córdoba,1.0,Oncativo 1248,Oncativo 1248,3.0,X5000FHP,X5000FHP,1.0,7.0
1297,1293,Clinica Universitaria Reina Fabiola,Clinica Universitaria Reina Fabiola,1.0,Córdoba,Córdoba,1.0,Córdoba,Córdoba,1.0,Oncativo 1248,Oncativo 1248,3.0,X5000FHP,X5000FHP,1.0,7.0
1298,1293,Clinica Universitaria Reina Fabiola,Clinica Universitaria Reina Fabiola,1.0,Córdoba,Córdoba,1.0,Córdoba,Córdoba,1.0,Oncativo 1248,Oncativo 1248,3.0,X5000FHP,X5000FHP,1.0,7.0
1299,1293,Clinica Universitaria Reina Fabiola,Clinica Universitaria Reina Fabiola,1.0,Córdoba,Córdoba,1.0,Córdoba,Córdoba,1.0,Oncativo 1248,Oncativo 1248,3.0,X5000FHP,X5000FHP,1.0,7.0
1300,1293,Clinica Universitaria Reina Fabiola,Clinica Universitaria Reina Fabiola,1.0,Córdoba,Córdoba,1.0,Córdoba,Córdoba,1.0,Oncativo 1248,Oncativo 1248,3.0,X5000FHP,X5000FHP,1.0,7.0
1301,1301,Sanatorio Allende,Sanatorio Allende,1.0,CORDOBA,CORDOBA,1.0,Cordoba,Cordoba,1.0,Avenida Hiplito Yrigoyen 384,Avenida Hiplito Yrigoyen 384,3.0,X5000JHQ,X5000JHQ,1.0,7.0
1302,1301,Sanatorio Allende S.A.,Sanatorio Allende,1.0,Córdoba,CORDOBA,1.0,Córdoba,Cordoba,1.0,Av. Hipólito Yrigoyen 384,Avenida Hiplito Yrigoyen 384,3.0,X5000JHQ,X5000JHQ,1.0,7.0
1303,1301,Sanatorio Allende S.A.,Sanatorio Allende,1.0,Córdoba,CORDOBA,1.0,Córdoba,Cordoba,1.0,Hipolito Yrigoyen 384,Avenida Hiplito Yrigoyen 384,3.0,X5000JHQ,X5000JHQ,1.0,7.0
1304,1304,Hospital Italiano,Hospital Italiano,1.0,Córdoba,Córdoba,1.0,Córdoba,Córdoba,1.0,Roma 550,Roma 550,3.0,X5004BAL,X5004BAL,1.0,7.0
1305,1304,Hospital Italiano de Córdoba,Hospital Italiano,0.0,Córdoba,Córdoba,1.0,Córdoba,Córdoba,1.0,Roma 550,Roma 550,3.0,X5004BAL,X5004BAL,1.0,6.0
1306,1306,Hospital Cordoba,Hospital Cordoba,1.0,Córdoba,Córdoba,1.0,Córdoba,Córdoba,1.0,Avenida Patria 656,Avenida Patria 656,3.0,X5004CDT,X5004CDT,1.0,7.0
1307,1307,IPAC CARAFFA,IPAC CARAFFA,1.0,Córdoba,Córdoba,1.0,Córdoba,Córdoba,1.0,Avenue Caraffa 2532,Avenue Caraffa 2532,3.0,X5009BSN,X5009BSN,1.0,7.0
1308,1308,Hospital Privado Centro Medico de Cordoba,Hospital Privado Centro Medico de Cordoba,1.0,CORDOBA,CORDOBA,1.0,Cordoba,Cordoba,1.0,Naciones Unidas 346,Naciones Unidas 346,3.0,X5014KEH,X5014KEH,1.0,7.0
1309,1308,Hospital Privado Centro Médico de Córdoba,Hospital Privado Centro Medico de Cordoba,1.0,Córdoba,CORDOBA,1.0,Córdoba,Cordoba,1.0,Naciones Unidas 346,Naciones Unidas 346,3.0,X5016KEH,X5014KEH,1.0,7.0
1310,1308,Hospital Privado Centro Médico de Córdoba,Hospital Privado Centro Medico de Cordoba,1.0,Córdoba,CORDOBA,1.0,Córdoba,Cordoba,1.0,Naciones Unidas 346,Naciones Unidas 346,3.0,X5016KEH,X5014KEH,1.0,7.0
1311,1308,Hospital Privado Centro Médico de Córdoba,Hospital Privado Centro Medico de Cordoba,1.0,Córdoba,CORDOBA,1.0,Córdoba,Cordoba,1.0,Naciones Unidas 346,Naciones Unidas 346,3.0,X5016KEH,X5014KEH,1.0,7.0
1312,1308,Hospital Privado Centro Médico de Córdoba,Hospital Privado Centro Medico de Cordoba,1.0,Córdoba,CORDOBA,1.0,Córdoba,Cordoba,1.0,Naciones Unidas 346,Naciones Unidas 346,3.0,X5016KEH,X5014KEH,1.0,7.0
1313,1308,Hospital Privado Centro Médico de Córdoba,Hospital Privado Centro Medico de Cordoba,1.0,Córdoba,CORDOBA,1.0,Córdoba,Cordoba,1.0,Naciones Unidas 346,Naciones Unidas 346,3.0,X5016KEH,X5014KEH,1.0,7.0
1314,1308,Hospital Privado Centro Médico de Córdoba,Hospital Privado Centro Medico de Cordoba,1.0,Córdoba,CORDOBA,1.0,Córdoba,Cordoba,1.0,Naciones Unidas 346,Naciones Unidas 346,3.0,X5016KEH,X5014KEH,1.0,7.0
